RequestId,Date Initiated,Description,Address,Zip Code,Initiated By,Date Time Closed,Status,X Coordinate,Y Coordinate,lon,lat,Request Type,Proactive,Initiated by Resident,Received by Engineer,Resident Contacted,On Hold Pending Other Action,Date In Progress,Date Complete
278146,4/18/2016 8:12,Neighborhood Traffic Issue,10500 MAIN ST,75035,Staff,10/26/2017 12:38,CLOSED,2492067.67,7106597.99,33.15278869,-96.78912221,,,,,,,,
278262,4/19/2016 8:25,Neighborhood Traffic Issue,ROGERS RD,75033,Staff,5/10/2016 10:48,CLOSED,2485012.45,7114795.42,33.17563082,-96.81174232,,,,,,,,
278307,4/19/2016 11:41,Neighborhood Traffic Issue,CHAPEL CREEK PKWY & PARKWOOD BLVD,75034,Staff,5/10/2016 10:54,CLOSED,2482666.07,7097942.94,33.12941949,-96.82029098,,,,,,,,
278919,4/26/2016 1:57,Neighborhood Traffic Issue,W STONEBROOK PKWY & MAST DR,75034,Staff,5/24/2016 3:59,CLOSED,2452730.94,7101731.1,33.1411077,-96.91788328,,,,,,,,
278924,4/26/2016 2:12,Neighborhood Traffic Issue,BOOKER TRL & SPRING HILL DR,75035,Staff,6/10/2016 9:36,CLOSED,2506591.38,7118495.12,33.1848253,-96.74102052,,,,,,,,
278929,4/26/2016 2:44,Neighborhood Traffic Issue,BEACON HILL DR,75034,Staff,4/26/2016 3:29,CLOSED,2464060.41,7097251.53,33.12832215,-96.88109808,,,,,,,,
283396,6/9/2016 1:01,Neighborhood Traffic Issue,PARKWOOD BLVD & GAYLORD PKWY,75034,Staff,5/30/2017 9:46,CLOSED,2484083.9,7087822.1,33.10154239,-96.81618982,,,,,,,,
284373,6/10/2016 2:10,Neighborhood Traffic Issue,IDA DR,75033,Staff,6/17/2016 2:13,CLOSED,2469342.09,7115764.19,33.17897489,-96.86290425,,,,,,,,
283743,6/13/2016 2:21,Neighborhood Traffic Issue,10300 CALVERY CT,75035,Staff,10/9/2018 3:46,CLOSED,2507618.02,7110276.42,33.16219139,-96.73811568,,,,,,,,
286690,7/8/2016 8:45,Neighborhood Traffic Issue,LEGACY DR & WARREN PKWY,75034,Staff,9/27/2017 12:41,CLOSED,2476281.48,7089647.72,33.10690082,-96.84157283,,,,,,,,
288277,7/21/2016 12:36,Neighborhood Traffic Issue,LAKEHILL BLVD & COMPASS DR,75034,Staff,5/30/2017 9:53,CLOSED,2475114.19,7090698.97,33.10984054,-96.84533052,,,,,,,,
289422,8/1/2016 8:51,Neighborhood Traffic Issue,CAMERON RD & CAMFIELD RD,75033,Staff,5/30/2017 10:08,CLOSED,2486467.21,7108538.55,33.15837115,-96.80731765,,,,,,,,
291739,8/17/2016 12:25,Neighborhood Traffic Issue,STONEBROOK PKWY & LEGACY DR,75034,Staff,5/30/2017 10:00,CLOSED,2473955.04,7098977.81,33.13264316,-96.84869084,,,,,,,,
292146,8/22/2016 8:31,Neighborhood Traffic Issue,OHIO DR & GAYLORD PKWY,75035,Staff,5/30/2017 10:23,CLOSED,2488790.343,7089316.812,33.10544197,-96.80074308,,,,,,,,
292471,8/23/2016 4:01,Neighborhood Traffic Issue,DELFORD DR,75033,Staff,2/15/2018 2:37,CLOSED,2470285.44,7107306.28,33.15568997,-96.86025272,,,,,,,,
293401,8/30/2016 10:47,Neighborhood Traffic Issue,LOST CREEK DR,75033,Staff,8/30/2018 9:53,CLOSED,2474575.85,7118299.96,33.18571845,-96.84566903,,,,,,,,
294456,9/8/2016 3:06,Neighborhood Traffic Issue,W STONEBROOK PKWY & ANTHEM DR,75034,Staff,9/28/2017 10:00,CLOSED,2455090.16,7102365.58,33.14275354,-96.91014486,,,,,,,,
308638,1/4/2017 4:06,Neighborhood Traffic Issue,Dominion of Panther Creek,,Staff,10/9/2018 4:11,CLOSED,2491760.07,7116210.82,33.17922067,-96.78961581,,,,,,,,
306870,1/4/2017 4:49,Neighborhood Traffic Issue,MILAM CREEK DR,75035,Staff,9/27/2017 2:13,CLOSED,2505426.12,7116763.54,33.18012014,-96.74492351,,,,,,,,
307820,1/11/2017 5:18,Neighborhood Traffic Issue,RIO BLANCO DR,75033,Staff,9/18/2017 4:00,CLOSED,2465071.64,7107089.18,33.15531583,-96.87729874,,,,,,,,
308861,1/20/2017 1:53,Neighborhood Traffic Issue,IZABELLA CT,75033,Staff,9/27/2017 2:28,CLOSED,2468686.433,7119494.564,33.18925493,-96.86485727,,,,,,,,
308862,1/20/2017 1:56,Neighborhood Traffic Issue,HAVERFORD DR & MARK LN,75034,Staff,5/19/2017 10:58,CLOSED,2475772.311,7093540.798,33.11762215,-96.84303498,,,,,,,,
314639,3/9/2017 2:29,Neighborhood Traffic Issue,TEEL PKWY & HIGH SHOALS DR,75036,Staff,9/12/2017 2:54,CLOSED,2468970.663,7103010.033,33.14393908,-96.864767,,,,,,,,
314654,3/9/2017 3:01,Neighborhood Traffic Issue,FM 423 & STONEBROOK PKWY,75036,Staff,5/19/2017 10:54,CLOSED,2460909.643,7103105.9,33.14454464,-96.89109655,,,,,,,,
318009,4/3/2017 8:27,Neighborhood Traffic Issue,6300 PITCHFORK RANCH DR,75034,Staff,2/15/2018 2:43,CLOSED,2463173.06,7098727.78,33.13241685,-96.88392225,,,,,,,,
334809,4/12/2017 1:42,Neighborhood Traffic Issue,Carraway Drive,,Staff,7/25/2017 1:50,CLOSED,2466206.31,7092945.5,33.11639688,-96.87430662,,,,,,,,
322456,5/4/2017 12:12,Neighborhood Traffic Issue,MOSSY CV,75034,Staff,9/28/2017 12:14,CLOSED,2454171.71,7102758.73,33.1438722,-96.91312589,,,,,,,,
330649,5/11/2017 1:47,Neighborhood Traffic Issue,CHAPEL CREEK PKWY & BROOKHOLLOW BLVD,75034,Staff,8/28/2019 2:59,CLOSED,2484542.76,7099695.24,33.13415263,-96.81406928,SIGN,,,5/11/2017 12:00,6/14/2017 12:00,,5/11/2017 12:00,8/7/2019 12:00
323916,5/15/2017 9:23,Neighborhood Traffic Issue,MEADOW HILL DR & PRESTON RD,75033,Staff,8/27/2018 3:15,CLOSED,2487677.08,7110298.62,33.16315459,-96.80327167,,,,,,,,
325415,5/24/2017 12:34,Neighborhood Traffic Issue,MIDNIGHT MOON DR & LONE ROCK RD,75034,Staff,6/27/2017 9:56,CLOSED,2465418.15,7097050.43,33.12771189,-96.87667346,,,,,,,,
325863,5/26/2017 4:29,Neighborhood Traffic Issue,6200 FOREFRONT AVE,,"Integration, Citysourced",5/30/2017 10:09,CLOSED,2463622.41,7098290.91,33.13119721,-96.88247645,,,,,,,,
325864,5/26/2017 4:34,Neighborhood Traffic Issue,6200 FOREFRONT AVE,,"Integration, Citysourced",5/26/2017 5:03,CLOSED,2463538.82,7098252.14,33.13109419,-96.88275143,,,,,,,,
327322,6/6/2017 10:34,Neighborhood Traffic Issue,2300STOCKTON LN,,"Integration, Citysourced",6/6/2017 2:22,CLOSED,2467340.84,7104311.4,33.1475852,-96.87002544,,,,,,,,
329191,6/19/2017 1:17,Neighborhood Traffic Issue,Andy's Custard - Custer Rd and Eldorado Pkwy,,"Integration, Citysourced",10/9/2018 4:18,CLOSED,2508623.64,7114576.14,33.17396148,-96.73459372,,,,,,,,
329420,6/20/2017 12:35,Neighborhood Traffic Issue,6800 GAYLORD PKWY,,"Integration, Citysourced",6/26/2017 3:06,CLOSED,2481353.24,7087566.97,33.1009612,-96.82511946,,,,,,,,
329456,6/20/2017 4:12,Neighborhood Traffic Issue,11900 DEL RIO DR,,"Integration, Citysourced",9/12/2017 10:26,CLOSED,2496260.4,7115268.46,33.17642862,-96.77495875,,,,,,,,
330133,6/24/2017 4:24,Neighborhood Traffic Issue,12800 KILTARTAN DR,,"Integration, Citysourced",9/11/2017 11:01,CLOSED,2488090.17,7117726.66,33.18355017,-96.80152944,,,,,,,,
330735,6/29/2017 7:16,Neighborhood Traffic Issue,9800 WAKE BRIDGE DR,,"Integration, Citysourced",6/29/2017 10:51,CLOSED,2490426.692,7095737.288,33.1230142,-96.79505946,,,,,,,,
330736,6/29/2017 7:19,Neighborhood Traffic Issue,10100 WAKE BRIDGE DR,,"Integration, Citysourced",6/29/2017 10:51,CLOSED,2491321.25,7095743.45,33.1229912,-96.79213746,,,,,,,,
330737,6/29/2017 7:24,Neighborhood Traffic Issue,10400 JOY DR,,"Integration, Citysourced",6/29/2017 10:51,CLOSED,2492302.845,7095425.029,33.1220722,-96.78894846,,,,,,,,
332730,7/3/2017 3:49,Neighborhood Traffic Issue,30 Painted Rock CT,,Staff,9/11/2017 10:53,CLOSED,2467219.98,7120910.21,33.19320812,-96.86957861,,,,,,,,
331732,7/6/2017 10:11,Neighborhood Traffic Issue,1400 WITT RD,,"Integration, Citysourced",7/12/2017 4:30,CLOSED,2458262.61,7106355,33.15358519,-96.89958243,,,,,,,,
331861,7/6/2017 2:27,Neighborhood Traffic Issue,2800 NETWORK BLVD,,"Integration, Citysourced",7/10/2017 9:07,CLOSED,2480708.09,7088369.23,33.10319428,-96.82718432,,,,,,,,
332024,7/7/2017 10:58,Neighborhood Traffic Issue,3900 JOHNSON ST,,"Integration, Citysourced",7/13/2017 11:49,CLOSED,2472195.67,7093744.76,33.11833719,-96.85470545,,,,,,,,
333080,7/14/2017 7:10,Neighborhood Traffic Issue,900 TOUCHSTONE RD,,"Integration, Citysourced",7/17/2017 11:35,CLOSED,2463221.27,7095053.26,33.12231619,-96.88394943,,,,,,,,
333667,7/18/2017 1:59,Neighborhood Traffic Issue,18000 FM 423,,"Integration, Citysourced",7/25/2017 6:13,CLOSED,2463813.95,7128145.79,33.21323803,-96.88034721,,,,,,,,
333893,7/19/2017 1:30,Neighborhood Traffic Issue,Neighborhoods around Wester & Gunstream schools,,Staff,8/27/2018 3:16,CLOSED,2496482.26,7102927.75,33.1425036,-96.77489603,,,,,,,,
334373,7/21/2017 4:46,Neighborhood Traffic Issue,11300 CEDAR SPRINGS DR,,"Integration, Citysourced",7/26/2017 1:43,CLOSED,2494473.04,7119108.79,33.18706318,-96.78059446,,,,,,,,
334384,7/21/2017 11:19,Neighborhood Traffic Issue,11900 CAPE ROYAL LN,,"Integration, Citysourced",7/25/2017 6:16,CLOSED,2468370.11,7115410.5,33.17804445,-96.86609881,,,,,,,,
334654,7/24/2017 6:49,Neighborhood Traffic Issue,6500 SCOTTSDALE WAY,,"Integration, Citysourced",7/26/2017 10:38,CLOSED,2477010.9,7098428.9,33.13100219,-96.83873743,,,,,,,,
335089,7/27/2017 9:21,Neighborhood Traffic Issue,Stonebryck Manor neighborhood(s),,Staff,1/16/2019 2:21,CLOSED,2493773.05,7101007.58,33.13734848,-96.78384887,,,,,,,,
335914,8/1/2017 4:58,Neighborhood Traffic Issue,Stonebrook & Babbling Brook,,Staff,8/1/2017 5:03,CLOSED,2469383.33,7099033.85,33.13299379,-96.86362122,,,,,,,,
335916,8/1/2017 5:06,Neighborhood Traffic Issue,Stonebrook & Babbling Brook,,Staff,8/1/2017 5:18,CLOSED,2469385.42,7099040.1,33.13301088,-96.86361408,,,,,,,,
335927,8/1/2017 10:21,Neighborhood Traffic Issue,6000 WALLIS DR,,"Integration, Citysourced",8/2/2017 7:22,CLOSED,2478780.026,7115731.202,33.17847619,-96.83206144,,,,,,,,
335928,8/1/2017 10:44,Neighborhood Traffic Issue,7000 BRAMBLEBUSH DR,,"Integration, Citysourced",8/2/2017 7:39,CLOSED,2481338.951,7113796.849,33.17304819,-96.82379944,,,,,,,,
336141,8/2/2017 1:38,Neighborhood Traffic Issue,3300 PANTHER CREEK PKWY,75033,"Integration, Citysourced",8/2/2017 2:53,CLOSED,2470656.939,7119992.492,33.1905389,-96.85839116,,,,,,,,
336490,8/3/2017 3:30,Neighborhood Traffic Issue,5900 ALL STARS AVE,75033,"Integration, Citysourced",8/3/2017 3:50,CLOSED,2478387.95,7110414.308,33.16388119,-96.83361844,,,,,,,,
337254,8/8/2017 4:40,Neighborhood Traffic Issue,11500 FRONTIER DR,,"Integration, Citysourced",9/14/2017 9:53,CLOSED,2465774.815,7113910.308,33.17403219,-96.87465643,,,,,,,,
337463,8/9/2017 5:17,Neighborhood Traffic Issue,6th & Walnut,,Staff,,IP,2481925.86,7106240.06,33.15225457,-96.82227589,,,,,,,,
337464,8/9/2017 5:26,Neighborhood Traffic Issue,5th Street,,Staff,,IP,2481569.09,7106299.95,33.15243482,-96.82343839,,,,,,,,
337828,8/11/2017 12:57,Neighborhood Traffic Issue,9000 PRESTON VINEYARD DR,,"Integration, Citysourced",12/5/2017 8:23,CLOSED,2487691.75,7099646.687,33.13387988,-96.80378576,,,,,,,,
338322,8/15/2017 10:39,Neighborhood Traffic Issue,13700 ALLEGHENY DR,,"Integration, Citysourced",9/1/2018 12:03,CLOSED,2501418.38,7112929.539,33.16976685,-96.75822916,,,,,,,,
338430,8/15/2017 8:57,Neighborhood Traffic Issue,1000 ANGEL FALLS DR,,"Integration, Citysourced",8/16/2017 11:00,CLOSED,2463432.537,7103942.799,33.1467382,-96.88281243,,,,,,,,
338458,8/16/2017 9:42,Neighborhood Traffic Issue,6800 JOHN HICKMAN PKWY,75034,"Integration, Citysourced",8/16/2017 2:03,CLOSED,2480847.939,7093179.183,33.1164072,-96.82647745,,,,,,,,
339179,8/21/2017 10:39,Neighborhood Traffic Issue,400 OLD NEWMAN RD 1,,"Integration, Citysourced",2/20/2018 1:33,CLOSED,2461233.113,7104970.771,33.1496562,-96.88994643,,,,,,,,
339295,8/22/2017 7:50,Neighborhood Traffic Issue,4800 TEXOMA DR,,"Integration, Citysourced",10/9/2018 3:03,CLOSED,2474586.638,7118286.934,33.18568219,-96.84563444,,,,,,,,
339695,8/23/2017 4:24,Neighborhood Traffic Issue,Lebanon & Compass,,Staff,2/15/2018 3:31,CLOSED,2474663.46,7092521.3,33.1148683,-96.84670876,,,,,,,,
339699,8/23/2017 4:39,Neighborhood Traffic Issue,N. County & All Stars,,Staff,8/28/2019 3:41,CLOSED,2482405.65,7110370.26,33.16358429,-96.8204926,SIGN,NO - RESIDENT / OTHER,,8/23/2019 12:00,,,,8/28/2019 12:00
339775,8/24/2017 9:17,Neighborhood Traffic Issue,2300 QUIET OAK LN,,"Integration, Citysourced",8/24/2017 10:37,CLOSED,2467560.3,7097685.55,33.1293662,-96.86964443,,,,,,,,
339781,8/24/2017 9:35,Neighborhood Traffic Issue,7700 AMBERDALE LN,,"Integration, Citysourced",8/24/2017 11:08,CLOSED,2469011.594,7103046.372,33.1440372,-96.86463144,,,,,,,,
339782,8/24/2017 9:35,Neighborhood Traffic Issue,6800 PECAN CHASE LN,,"Integration, Citysourced",8/24/2017 1:16,CLOSED,2467903.794,7099951.551,33.13557914,-96.86840751,,,,,,,,
339821,8/24/2017 11:20,Neighborhood Traffic Issue,7700 AMBERDALE LN,,"Integration, Citysourced",8/24/2017 1:39,CLOSED,2469007.196,7103014.283,33.1439492,-96.86464744,,,,,,,,
339837,8/24/2017 12:11,Neighborhood Traffic Issue,7700 AMBERDALE LN,,"Integration, Citysourced",8/24/2017 1:23,CLOSED,2469009.536,7103021.233,33.1439682,-96.86463944,,,,,,,,
339896,8/24/2017 2:34,Neighborhood Traffic Issue,3000 STONEBROOK PKWY,,"Integration, Citysourced",10/9/2018 4:23,CLOSED,2469129.92,7098749.511,33.1322232,-96.86446344,,,,,,,,
339934,8/24/2017 4:34,Neighborhood Traffic Issue,3007 BAINBRIDGE LN,,"Integration, Citysourced",8/30/2017 9:03,CLOSED,2469404.121,7099286.843,33.1336882,-96.86354044,,,,,,,,
340185,8/25/2017 3:13,Neighborhood Traffic Issue,Honey Grove Drive,,Staff,10/18/2017 9:33,CLOSED,2495697.92,7118682.7,33.18583704,-96.77661389,,,,,,,,
340224,8/25/2017 6:25,Neighborhood Traffic Issue,2900 FAYETTE TRL,,"Integration, Citysourced",8/28/2017 9:18,CLOSED,2469213.53,7101322.611,33.1392912,-96.86405944,,,,,,,,
341030,8/30/2017 3:43,Neighborhood Traffic Issue,6300 PLUM CREEK DR,,"Integration, Citysourced",9/15/2017 2:14,CLOSED,2466673.026,7098280.9,33.1310402,-96.87251243,,,,,,,,
341325,8/31/2017 3:48,Neighborhood Traffic Issue,6300 PLUM CREEK DR,,"Integration, Citysourced",9/5/2017 11:27,CLOSED,2466654.783,7098252.963,33.1309642,-96.87257344,,,,,,,,
341344,8/31/2017 5:12,Neighborhood Traffic Issue,7200 LEBANON RD,75034,"Integration, Citysourced",9/1/2017 10:44,CLOSED,2482166.749,7095881.915,33.1237772,-96.82202945,,,,,,,,
341493,9/1/2017 3:38,Neighborhood Traffic Issue,6300 PLUM CREEK DR,,"Integration, Citysourced",9/5/2017 11:29,CLOSED,2466651.861,7098283.483,33.1310482,-96.87258144,,,,,,,,
341494,9/1/2017 3:42,Neighborhood Traffic Issue,6300 PLUM CREEK DR,,"Integration, Citysourced",9/5/2017 11:28,CLOSED,2466618.813,7098302.256,33.1311012,-96.87268843,,,,,,,,
341498,9/1/2017 3:46,Neighborhood Traffic Issue,6300 PLUM CREEK DR,,"Integration, Citysourced",9/5/2017 11:29,CLOSED,2466654.829,7098250.053,33.1309562,-96.87257343,,,,,,,,
341499,9/1/2017 4:13,Neighborhood Traffic Issue,6300 PLUM CREEK DR,,"Integration, Citysourced",9/5/2017 11:30,CLOSED,2466663.904,7098257.107,33.1309752,-96.87254343,,,,,,,,
341507,9/1/2017 5:35,Neighborhood Traffic Issue,TEEL PKWY & BENSON DR,75034,Staff,3/9/2018 2:33,CLOSED,2467633.22,7098424.83,33.13139483,-96.86936877,,,,,,,,
341985,9/6/2017 2:26,Neighborhood Traffic Issue,FM 423 & Rockhill,,Staff,9/6/2017 2:32,CLOSED,2463817.71,7127310.31,33.21094177,-96.88037703,,,,,,,,
342277,9/8/2017 12:16,Neighborhood Traffic Issue,Saturina Drive,,Staff,11/13/2017 9:56,CLOSED,2503031.01,7110222.2,33.16225292,-96.75310659,,,,,,,,
342722,9/11/2017 2:24,Neighborhood Traffic Issue,Benson and Teel,75034,Staff,3/9/2018 2:31,CLOSED,2467725.79,7098438.62,33.13142878,-96.8690657,,,,,,,,
342905,9/12/2017 11:36,Neighborhood Traffic Issue,14400 ELDORADO PKWY,,"Integration, Citysourced",9/12/2017 10:03,CLOSED,2503843.722,7114661.761,33.17441658,-96.75020943,,,,,,,,
343005,9/12/2017 4:56,Neighborhood Traffic Issue,Oleander Drive,,Staff,9/13/2017 5:45,CLOSED,2501370.31,7114095.2,33.17297252,-96.75832308,,,,,,,,
343648,9/16/2017 9:35,Neighborhood Traffic Issue,3100 BAINBRIDGE LN,,"Integration, Citysourced",9/1/2018 12:06,CLOSED,2469854.129,7099189.791,33.1334022,-96.86207544,,,,,,,,
343748,9/18/2017 9:38,Neighborhood Traffic Issue,2000 CEDAR RANCH RD,75034,Staff,9/29/2017 3:06,CLOSED,2466659.41,7098253.65,33.13096589,-96.87255829,,,,,,,,
344004,9/19/2017 8:07,Neighborhood Traffic Issue,4700 PANTHER CREEK PKWY,75033,"Integration, Citysourced",9/26/2017 4:22,CLOSED,2474348.066,7119780.859,33.18979817,-96.84633732,,,,,,,,
344090,9/19/2017 12:32,Neighborhood Traffic Issue,HILLCREST RD & CANOE RD,75035,Staff,,IP,2493976.37,7104114.35,33.14587748,-96.78301883,,,,,,,,
344156,9/19/2017 8:13,Neighborhood Traffic Issue,4700 STONEBROOK PKWY,75034,"Integration, Citysourced",10/4/2017 11:21,CLOSED,2474499.55,7099051.519,33.1328222,-96.84690844,,,,,,,,
344479,9/21/2017 2:11,Neighborhood Traffic Issue,1300 SUNLAND PARK DR,,"Integration, Citysourced",3/9/2018 2:47,CLOSED,2464313.178,7113307.358,33.17243719,-96.87946343,,,,,,,,
344526,9/21/2017 5:33,Neighborhood Traffic Issue,4500 COTTON GIN RD,75034,"Integration, Citysourced",10/13/2017 3:14,CLOSED,2474055.048,7103820.319,33.14594733,-96.84811543,,,,,,,,
344801,9/25/2017 10:22,Neighborhood Traffic Issue,6900 THISTLEWOOD LN,75034,Staff,9/1/2018 12:13,CLOSED,2468916.62,7100135.9,33.1360425,-96.86508969,,,,,,,,
345141,9/26/2017 2:09,Neighborhood Traffic Issue,Shepherds Hill Neighborhood,,Staff,9/1/2018 12:21,CLOSED,2497187.5,7103393.64,33.14375212,-96.77256715,,,,,,,,
345536,9/28/2017 2:48,Neighborhood Traffic Issue,5300 DALLAS PKWY,75034,"Integration, Citysourced",10/19/2017 2:17,CLOSED,2482116.175,7095693.716,33.1232622,-96.82220445,,,,,,,,
345846,10/2/2017 8:46,Neighborhood Traffic Issue,12500 HARVEST MEADOW DR,,"Integration, Citysourced",2/20/2018 10:43,CLOSED,2474202.875,7117300.992,33.18298919,-96.84693944,,,,,,,,
346067,10/2/2017 9:08,Neighborhood Traffic Issue,12000 TYLER DR,,"Integration, Citysourced",3/21/2018 11:20,CLOSED,2496812.421,7117395.48,33.18224919,-96.77304046,,,,,,,,
346203,10/3/2017 1:43,Neighborhood Traffic Issue,1100 RANCH GATE LN,75034,Staff,10/5/2017 11:49,CLOSED,2463835.08,7094421.32,33.12055347,-96.88197647,,,,,,,,
346464,10/4/2017 11:46,Neighborhood Traffic Issue,Havenbrook & Summer Star,,Staff,,IP,2464034.32,7095822.15,33.12439492,-96.88125525,,,,,,,,
346513,10/4/2017 1:55,Neighborhood Traffic Issue,Spruce PIne Trail,,Staff,2/26/2018 9:38,CLOSED,2501974.42,7115051.32,33.17557259,-96.75629706,,,,,,,,
346535,10/4/2017 2:12,Neighborhood Traffic Issue,Nichols Trl & Flat Creek,,Staff,2/20/2018 11:01,CLOSED,2466175.23,7101723.18,33.14052172,-96.87396438,,,,,,,,
347370,10/10/2017 9:35,Neighborhood Traffic Issue,Cotton Gin Road,,Staff,10/10/2017 9:39,CLOSED,2475127.6,7103807.7,33.14586625,-96.84461213,,,,,,,,
347543,10/10/2017 3:50,Neighborhood Traffic Issue,14700 CRYSTAL BEACH LN,,"Integration, Citysourced",2/16/2018 11:46,CLOSED,2504641.067,7110096.761,33.1618345,-96.7478526,,,,,,,,
348179,10/12/2017 4:19,Neighborhood Traffic Issue,9700 DOWNBROOK DR,75033,Staff,6/4/2019 1:26,CLOSED,2463392,7108238.16,33.15854472,-96.88272882,,,,,,,,
348406,10/13/2017 2:42,Neighborhood Traffic Issue,THOMPSON CIR,75033,Staff,2/16/2018 11:49,CLOSED,2487380.57,7108777.69,33.15898788,-96.80432075,,,,,,,,
348444,10/13/2017 4:31,Neighborhood Traffic Issue,6300 NORWOOD DR,,"Integration, Citysourced",10/16/2017 10:49,CLOSED,2479319.23,7098666.1,33.13155353,-96.83118527,,,,,,,,
349084,10/17/2017 3:12,Neighborhood Traffic Issue,Kings Ridge Road,,Staff,9/1/2018 12:40,CLOSED,2491168.23,7105009.27,33.14846274,-96.7921452,,,,,,,,
349091,10/17/2017 3:41,Neighborhood Traffic Issue,2300 QUIET OAK LN,,"Integration, Citysourced",10/18/2017 2:14,CLOSED,2467625.761,7097689.113,33.1293732,-96.86943044,,,,,,,,
349125,10/17/2017 5:11,Neighborhood Traffic Issue,2300 QUIET OAK LN,,"Integration, Citysourced",10/18/2017 2:18,CLOSED,2467630.567,7097675.361,33.1293352,-96.86941544,,,,,,,,
349126,10/17/2017 5:23,Neighborhood Traffic Issue,2440 TIMBER RIDGE DR,,"Integration, Citysourced",10/18/2017 2:25,CLOSED,2467657.479,7097756.192,33.1295562,-96.86932343,,,,,,,,
349127,10/17/2017 5:29,Neighborhood Traffic Issue,6100 BAKER VALLEY RD,,"Integration, Citysourced",10/18/2017 2:29,CLOSED,2464706.12,7097838.229,33.1299072,-96.87895943,,,,,,,,
349128,10/17/2017 5:39,Neighborhood Traffic Issue,2300 QUIET OAK LN,,"Integration, Citysourced",10/18/2017 2:32,CLOSED,2467630.437,7097683.727,33.1293582,-96.86941544,,,,,,,,
349129,10/17/2017 5:40,Neighborhood Traffic Issue,2500 HIDDEN KNOLL TRL,,"Integration, Citysourced",10/18/2017 2:36,CLOSED,2467671.079,7097685.258,33.12936067,-96.86928261,,,,,,,,
349130,10/17/2017 5:51,Neighborhood Traffic Issue,2300 QUIET OAK LN,,"Integration, Citysourced",10/18/2017 2:39,CLOSED,2467604.444,7097701.517,33.1294082,-96.86949944,,,,,,,,
349131,10/17/2017 5:54,Neighborhood Traffic Issue,5600 BROOKHILL LN,,"Integration, Citysourced",10/18/2017 2:44,CLOSED,2468207.026,7096357.301,33.1256882,-96.86759944,,,,,,,,
349132,10/17/2017 5:55,Neighborhood Traffic Issue,2400 TIMBER RIDGE DR,,"Integration, Citysourced",10/18/2017 2:46,CLOSED,2467814.604,7097850.326,33.1298082,-96.86880544,,,,,,,,
349133,10/17/2017 6:33,Neighborhood Traffic Issue,2300 QUIET OAK LN,,"Integration, Citysourced",10/18/2017 2:49,CLOSED,2467630.262,7097695.004,33.1293892,-96.86941544,,,,,,,,
349135,10/17/2017 8:32,Neighborhood Traffic Issue,2300 QUIET OAK LN,,"Integration, Citysourced",10/18/2017 2:51,CLOSED,2467625.908,7097679.655,33.1293472,-96.86943044,,,,,,,,
349136,10/17/2017 8:33,Neighborhood Traffic Issue,1700 SADDLE TREE RD,,"Integration, Citysourced",10/18/2017 2:53,CLOSED,2465411.363,7097688.292,33.1294652,-96.87666343,,,,,,,,
349138,10/17/2017 9:28,Neighborhood Traffic Issue,2300 QUIET OAK LN,,"Integration, Citysourced",10/18/2017 2:55,CLOSED,2467621.17,7097689.042,33.1293732,-96.86944544,,,,,,,,
349139,10/17/2017 9:43,Neighborhood Traffic Issue,2300 QUIET OAK LN,,"Integration, Citysourced",10/18/2017 2:57,CLOSED,2467632.017,7097654.057,33.12927659,-96.86941178,,,,,,,,
349141,10/17/2017 10:25,Neighborhood Traffic Issue,2300 QUIET OAK LN,,"Integration, Citysourced",10/18/2017 2:59,CLOSED,2467623.24,7097693.44,33.1293852,-96.86943845,,,,,,,,
349142,10/17/2017 10:39,Neighborhood Traffic Issue,6300 BEAR LAKE RD,,"Integration, Citysourced",4/2/2019 1:44,CLOSED,2466385.554,7098280.814,33.1310522,-96.87345143,,,,,,,,
349143,10/17/2017 10:45,Neighborhood Traffic Issue,2400 TIMBER RIDGE DR,,"Integration, Citysourced",10/18/2017 3:02,CLOSED,2467651.19,7097707.701,33.1294232,-96.86934643,,,,,,,,
349144,10/17/2017 11:07,Neighborhood Traffic Issue,2300 QUIET OAK LN,,"Integration, Citysourced",10/18/2017 3:07,CLOSED,2467625.801,7097686.566,33.1293662,-96.86943044,,,,,,,,
349145,10/17/2017 11:34,Neighborhood Traffic Issue,2300 QUIET OAK LN,,"Integration, Citysourced",10/18/2017 3:10,CLOSED,2467632.863,7097685.221,33.1293622,-96.86940744,,,,,,,,
349146,10/18/2017 12:19,Neighborhood Traffic Issue,4200LIVE SPRINGS RD,,"Integration, Citysourced",10/26/2017 2:13,CLOSED,2461775.471,7092103.472,33.11427036,-96.88881928,,,,,,,,
349147,10/18/2017 12:50,Neighborhood Traffic Issue,6400 MOUNTAIN SKY RD,,"Integration, Citysourced",10/18/2017 3:12,CLOSED,2464169.943,7098818.213,33.1326232,-96.88066143,,,,,,,,
349230,10/18/2017 9:44,Neighborhood Traffic Issue,2300 QUIET OAK LN,,"Integration, Citysourced",10/18/2017 3:14,CLOSED,2467630.262,7097695.004,33.1293892,-96.86941544,,,,,,,,
349232,10/18/2017 9:51,Neighborhood Traffic Issue,2800 GREENWAY DR,,"Integration, Citysourced",10/18/2017 3:25,CLOSED,2468951.09,7094778.422,33.1213172,-96.86524944,,,,,,,,
349304,10/18/2017 12:46,Neighborhood Traffic Issue,5800 LONE ROCK RD,,"Integration, Citysourced",10/18/2017 4:05,CLOSED,2465544.244,7096796.332,33.1270082,-96.87627443,,,,,,,,
349320,10/18/2017 1:43,Neighborhood Traffic Issue,2300 QUIET OAK LN,,"Integration, Citysourced",10/20/2017 2:02,CLOSED,2467621.193,7097687.586,33.1293692,-96.86944543,,,,,,,,
349385,10/18/2017 8:34,Neighborhood Traffic Issue,TEEL PKWY & TIMBER RIDGE DR,75034,"Integration, Citysourced",10/25/2017 8:18,CLOSED,2467595.24,7097688.18,33.12937194,-96.86953018,,,,,,,,
349386,10/18/2017 8:50,Neighborhood Traffic Issue,6400 FIRE CREEK TRL,,"Integration, Citysourced",10/19/2017 8:57,CLOSED,2465694.18,7098880.68,33.1327302,-96.87567943,,,,,,,,
349387,10/18/2017 9:08,Neighborhood Traffic Issue,2300 QUIET OAK LN,,"Integration, Citysourced",10/19/2017 9:00,CLOSED,2467625.869,7097682.201,33.1293542,-96.86943043,,,,,,,,
349390,10/18/2017 10:23,Neighborhood Traffic Issue,2300 QUIET OAK LN,,"Integration, Citysourced",10/19/2017 9:02,CLOSED,2467622.733,7097684.666,33.12936111,-96.86944055,,,,,,,,
349391,10/18/2017 11:12,Neighborhood Traffic Issue,2300 QUIET OAK LN,,"Integration, Citysourced",10/19/2017 9:04,CLOSED,2467630.46,7097682.272,33.1293542,-96.86941544,,,,,,,,
349394,10/19/2017 3:22,Neighborhood Traffic Issue,6400 STALLION RANCH RD,,"Integration, Citysourced",10/19/2017 9:08,CLOSED,2465409.918,7098990.175,33.1330432,-96.87660244,,,,,,,,
349419,10/19/2017 8:28,Neighborhood Traffic Issue,2300 QUIET OAK LN,,"Integration, Citysourced",10/19/2017 9:34,CLOSED,2467634.966,7097687.8,33.1293692,-96.86940044,,,,,,,,
349421,10/19/2017 8:29,Neighborhood Traffic Issue,2500 HIDDEN KNOLL TRL,,"Integration, Citysourced",10/19/2017 9:38,CLOSED,2467696.226,7097634.178,33.12921922,-96.86920306,,,,,,,,
349453,10/19/2017 9:28,Neighborhood Traffic Issue,2300 QUIET OAK LN,,"Integration, Citysourced",10/20/2017 2:19,CLOSED,2467618.238,7097690.811,33.12937819,-96.86945492,,,,,,,,
349540,10/19/2017 10:43,Neighborhood Traffic Issue,Teel & Timber Ridge,,Staff,10/19/2017 11:20,CLOSED,2467629.69,7097689.99,33.12937544,-96.86941756,,,,,,,,
349560,10/19/2017 10:56,Neighborhood Traffic Issue,2500 HIDDEN KNOLL TRL,,"Integration, Citysourced",10/20/2017 12:15,CLOSED,2467653.174,7097692.287,33.12938075,-96.86934074,,,,,,,,
349568,10/19/2017 11:07,Neighborhood Traffic Issue,2400 TIMBER RIDGE DR,,"Integration, Citysourced",10/20/2017 12:14,CLOSED,2467668.061,7097701.339,33.129405,-96.86929165,,,,,,,,
349887,10/20/2017 11:35,Neighborhood Traffic Issue,2400 TIMBER RIDGE DR,,"Integration, Citysourced",10/20/2017 1:57,CLOSED,2467570.724,7097974.023,33.13015856,-96.86959576,,,,,,,,
349890,10/20/2017 11:43,Neighborhood Traffic Issue,Teel & Timber Ridge,75034,"Integration, Citysourced",10/25/2017 8:25,CLOSED,2467339.696,7098090.286,33.13048793,-96.87034449,,,,,,,,
350537,10/24/2017 1:47,Neighborhood Traffic Issue,2300 QUIET OAK LN,,"Integration, Citysourced",10/24/2017 2:30,CLOSED,2467604.58,7097686.79,33.12936772,-96.86949974,,,,,,,,
350559,10/24/2017 2:37,Neighborhood Traffic Issue,Chapel Creek Parkway,,Staff,8/28/2019 3:04,CLOSED,2482821.32,7097977.41,33.1295074,-96.81978209,SIGN,,,11/24/2017 12:00,11/24/2017 12:00,,,8/28/2019 12:00
351123,10/26/2017 12:06,Neighborhood Traffic Issue,The Trails Pkwy & Lasso,,Staff,3/23/2018 4:56,CLOSED,2466843.75,7110160.31,33.16368073,-96.87135318,,,,,,,,
351128,10/26/2017 12:33,Neighborhood Traffic Issue,La Grange Drive,,Staff,2/16/2018 11:51,CLOSED,2494847.29,7115084.62,33.17598707,-96.77958666,,,,,,,,
351371,10/27/2017 12:16,Neighborhood Traffic Issue,14800 CHRISTOPHER LN,,"Integration, Citysourced",2/16/2018 11:54,CLOSED,2505237.945,7114418.879,33.17368518,-96.74566646,,,,,,,,
351468,10/27/2017 4:34,Neighborhood Traffic Issue,BRUCE DR & TEEL PKWY,75034,Staff,3/8/2018 1:48,CLOSED,2468960.74,7104054.87,33.14681099,-96.86474628,,,,,,,,
352620,11/3/2017 10:27,Neighborhood Traffic Issue,Custer & Big Horn,,Staff,12/18/2017 9:46,CLOSED,2509182.29,7110364.99,33.16236259,-96.7329996,,,,,,,,
353579,11/9/2017 1:30,Neighborhood Traffic Issue,Leg Iron Drive,,Staff,9/1/2018 12:46,CLOSED,2464994.66,7101935.64,33.14115578,-96.87781028,,,,,,,,
354115,11/13/2017 2:53,Neighborhood Traffic Issue,Hillcrest & Santiago,,Staff,3/6/2018 11:25,CLOSED,2493067.39,7121543.12,33.19381638,-96.78505881,,,,,,,,
354149,11/13/2017 10:03,Neighborhood Traffic Issue,Spruce Pine Trail,,Staff,8/23/2018 11:40,CLOSED,2501956.53,7115325.32,33.17632642,-96.75634066,,,,,,,,
354271,11/14/2017 11:31,Neighborhood Traffic Issue,Cinnabar at Rolater,,Staff,,IP,2492809.13,7101437.82,33.13857412,-96.78697467,,,,,,,,
355153,11/18/2017 4:12,Neighborhood Traffic Issue,12600 BELLE ISLE LN,,"Integration, Citysourced",3/9/2018 2:36,CLOSED,2478335.048,7117279.978,33.182752,-96.83343538,,,,,,,,
355843,11/26/2017 8:02,Neighborhood Traffic Issue,10609 WILTON DR,,"Integration, Citysourced",12/5/2017 1:11,CLOSED,2492098.674,7116559.787,33.18016455,-96.78849062,,,,,,,,
357175,12/1/2017 12:18,Neighborhood Traffic Issue,2000 SAN ANDRES DR,,"Integration, Citysourced",12/1/2017 2:05,CLOSED,2466555.044,7115209.146,33.17756852,-96.87204088,,,,,,,,
358669,12/9/2017 11:48,Neighborhood Traffic Issue,3200 OHIO DR,75035,"Integration, Citysourced",12/11/2017 3:57,CLOSED,2488842.35,7089271.733,33.10531577,-96.80057564,,,,,,,,
358919,12/11/2017 3:02,Neighborhood Traffic Issue,Mammoth Cave Lane,,Staff,10/9/2018 4:24,CLOSED,2501114.83,7113139.17,33.17035679,-96.75920974,,,,,,,,
359291,12/13/2017 10:55,Neighborhood Traffic Issue,OLD ORCHARD DR,75033,Staff,4/16/2018 10:41,CLOSED,2466779.825,7107689.089,33.15689189,-96.87168723,,,,,,,,
359472,12/14/2017 9:25,Neighborhood Traffic Issue,Legacy & Avon Lane (school traffic),,Staff,4/2/2019 1:46,CLOSED,2473638.02,7110966.56,33.16560503,-96.84911092,,,,,,,,
359667,12/14/2017 3:57,Neighborhood Traffic Issue,Stonebrook & Red Rock Canyon (school related),,Staff,8/27/2018 3:28,CLOSED,2464383.12,7101181.72,33.13910974,-96.87984603,,,,,,,,
359758,12/15/2017 9:27,Neighborhood Traffic Issue,Teel & Bruce (school traffic),,Staff,8/3/2018 3:05,CLOSED,2468997.4,7104053.54,33.14680577,-96.86462658,,,,,,,,
363095,1/6/2018 1:52,Neighborhood Traffic Issue,2300 QUIET OAK LN,,"Integration, Citysourced",1/8/2018 2:44,CLOSED,2467624.883,7097687.299,33.12936825,-96.8694334,,,,,,,,
363097,1/6/2018 4:55,Neighborhood Traffic Issue,2000 TIMBER RIDGE DR,,"Integration, Citysourced",8/27/2018 3:30,CLOSED,2466733.86,7097629.2,33.12924656,-96.87234671,,,,,,,,
363100,1/7/2018 9:39,Neighborhood Traffic Issue,4700 TEEL PKWY,75034,"Integration, Citysourced",1/8/2018 3:04,CLOSED,2466671.473,7093699.502,33.1184493,-96.87274932,,,,,,,,
363425,1/8/2018 1:52,Neighborhood Traffic Issue,2300 QUIET OAK LN,,"Integration, Citysourced",1/8/2018 2:48,CLOSED,2467621.06,7097685.82,33.12936435,-96.86944596,,,,,,,,
363527,1/9/2018 8:43,Neighborhood Traffic Issue,1700 TIMBER RIDGE DR,,"Integration, Citysourced",2/9/2018 1:49,CLOSED,2465712.916,7097510.908,33.12896489,-96.87568742,,,,,,,,
363646,1/9/2018 1:51,Neighborhood Traffic Issue,8300 MEADOW GLADE,75035,Staff,2/15/2018 4:16,CLOSED,2495292.123,7104940.125,33.14808772,-96.7786762,,,,,,,,
363697,1/9/2018 6:44,Neighborhood Traffic Issue,2300 QUIET OAK LN,,"Integration, Citysourced",2/15/2018 9:51,CLOSED,2467631.323,7097692.653,33.12938269,-96.86941209,,,,,,,,
363900,1/10/2018 9:29,Neighborhood Traffic Issue,4700 CARNEGIE DR,,"Integration, Citysourced",3/9/2018 2:46,CLOSED,2474653.997,7092588.501,33.1150534,-96.84673621,,,,,,,,
367370,1/29/2018 4:12,Neighborhood Traffic Issue,Legacy & Texoma (Crossing Guard Request),,Staff,8/23/2018 11:45,CLOSED,2474353.79,7118125.35,33.18524819,-96.84640379,,,,,,,,
367379,1/29/2018 4:55,Neighborhood Traffic Issue,Legacy & Texoma (Crossing Guard Request),,Staff,10/9/2018 12:07,CLOSED,2474355.87,7118127.44,33.18525385,-96.84639689,,,,,,,,
367382,1/29/2018 5:03,Neighborhood Traffic Issue,Frisco Lakes & Bethpage (stop sign req.),,Staff,10/16/2018 10:27,CLOSED,2457502.16,7101042.45,33.13901663,-96.90233099,,,,,,,,
367729,1/31/2018 8:59,Neighborhood Traffic Issue,Bruce & Nicholson (school related),,Staff,8/3/2018 3:17,CLOSED,2468788.54,7104050.93,33.14680753,-96.86530905,,,,,,,,
368376,2/2/2018 11:21,Neighborhood Traffic Issue,Alley between Main St and Copperwood Dr,,Staff,3/6/2018 11:24,CLOSED,2492486.5,7106327.49,33.15202654,-96.78776823,,,,,,,,
368558,2/4/2018 4:06,Neighborhood Traffic Issue,1400 TRAIL VIEW LN,,"Integration, Citysourced",2/20/2018 11:12,CLOSED,2464670.818,7092866.432,33.11624479,-96.87932529,,,,,,,,
368886,2/5/2018 4:53,Neighborhood Traffic Issue,2700 TIMBER RIDGE DR,,"Integration, Citysourced",2/8/2018 9:41,CLOSED,2468478,7097854.229,33.1297906,-96.86663836,,,,,,,,
369374,2/8/2018 9:11,Neighborhood Traffic Issue,7400 QUIET MEADOW LN,,"Integration, Citysourced",3/9/2018 2:48,CLOSED,2482617.929,7110585.503,33.1641665,-96.81978771,,,,,,,,
369417,2/8/2018 10:15,Neighborhood Traffic Issue,Longhorn Trail (speeding),,Staff,9/1/2018 1:00,CLOSED,2477934.9,7099062.91,33.13270442,-96.8356865,,,,,,,,
369717,2/9/2018 10:10,Neighborhood Traffic Issue,6400 MAIN ST,,"Integration, Citysourced",2/9/2018 11:09,CLOSED,2479900.74,7106280.28,33.15245382,-96.82889017,,,,,,,,
371852,2/22/2018 4:46,Neighborhood Traffic Issue,Mediterrean & Corinth roundabout,,Staff,8/31/2018 10:03,CLOSED,2488826.04,7122848.85,33.19759433,-96.79885329,,,,,,,,
372084,2/23/2018 4:02,Neighborhood Traffic Issue,2000 CEDAR RANCH RD,75034,Staff,8/27/2018 3:32,CLOSED,2466664.97,7098253.73,33.13096587,-96.87254012,,,,,,,,
372622,2/27/2018 2:36,Neighborhood Traffic Issue,Hunters Parkway (cut-through & speeding),,Staff,4/9/2018 3:08,CLOSED,2505601.49,7099705.1,33.13323192,-96.74528164,,,,,,,,
372653,2/27/2018 7:59,Neighborhood Traffic Issue,2200 FOUNTAIN GLEN LN,,"Integration, Citysourced",3/9/2018 2:49,CLOSED,2466996.268,7105260.69,33.15020879,-96.87110307,,,,,,,,
373024,3/1/2018 11:25,Neighborhood Traffic Issue,1800 TIMBER RIDGE DR,,"Integration, Citysourced",3/9/2018 2:49,CLOSED,2465909.946,7097552.736,33.12907147,-96.87504174,,,,,,,,
374355,3/8/2018 3:02,Neighborhood Traffic Issue,Millstream & Rio Blanco (stop sign request),,Staff,3/8/2018 3:50,CLOSED,2465232.35,7107542.85,33.15655581,-96.87675075,,,,,,,,
374368,3/8/2018 3:40,Neighborhood Traffic Issue,Custer Rd & Custer Trail,,Staff,3/8/2018 3:49,CLOSED,2509164.06,7111130.62,33.16446754,-96.73301709,,,,,,,,
374385,3/8/2018 4:01,Neighborhood Traffic Issue,12300 BRIAR RIDGE RD,,"Integration, Citysourced",3/9/2018 2:49,CLOSED,2470677.022,7116469.59,33.18085625,-96.85850546,,,,,,,,
374558,3/9/2018 1:25,Neighborhood Traffic Issue,11800 TEEL PKWY,75033,Staff,8/28/2018 8:54,CLOSED,2468511.66,7114830.5,33.17644441,-96.8656657,,,,,,,,
374567,3/9/2018 1:53,Neighborhood Traffic Issue,Legacy & Throne Hall,,Staff,,OPEN,2473914.06,7108325.93,33.158336,-96.84834459,,,,,,,,
376336,3/19/2018 2:01,Neighborhood Traffic Issue,McKinney Road (speeding),,Staff,,IP,2485154.17,7106406.66,33.15257028,-96.81171979,,,,,,,,
376427,3/19/2018 7:36,Neighborhood Traffic Issue,4100 LEGENDARY DR,,"Integration, Citysourced",,IP,2486167.193,7091823.841,33.11244826,-96.80917698,,,,,,,,
377650,3/23/2018 3:46,Neighborhood Traffic Issue,2000 TIMBER RIDGE DR,,"Integration, Citysourced",3/29/2018 1:13,CLOSED,2466748.61,7097544.627,33.1290135,-96.87230281,,,,,,,,
378666,3/28/2018 10:05,Neighborhood Traffic Issue,10200 BOWLING GREEN DR,,"Integration, Citysourced",3/29/2018 1:07,CLOSED,2491403.28,7116350.808,33.17962134,-96.7907744,,,,,,,,
379225,3/31/2018 11:26,Neighborhood Traffic Issue,3700 GUINN GATE DR,,"Integration, Citysourced",2/25/2019 3:20,CLOSED,2471498.566,7100952.282,33.13817541,-96.85661387,,,,,,,,
380788,4/7/2018 1:52,Neighborhood Traffic Issue,3200 BAINBRIDGE LN,,"Integration, Citysourced",8/3/2018 3:19,CLOSED,2470130.144,7099335.428,33.13379062,-96.86116642,,,,,,,,
381135,4/9/2018 3:13,Neighborhood Traffic Issue,Mountain Creek Trl & Valley Brook Dr (No Parking request),,Staff,8/3/2018 3:15,CLOSED,2507236.98,7101127.49,33.13706576,-96.73986162,,,,,,,,
381177,4/9/2018 6:08,Neighborhood Traffic Issue,5700 ELDORADO PKWY,,"Integration, Citysourced",8/3/2018 3:24,CLOSED,2477423.692,7114667.924,33.17561316,-96.83654914,,,,,,,,
382254,4/13/2018 4:44,Neighborhood Traffic Issue,Carlos Street (No Outlet request),,Staff,4/19/2018 4:22,CLOSED,2493225.52,7122771.77,33.19718587,-96.78447635,,,,,,,,
384513,4/24/2018 7:18,Neighborhood Traffic Issue,8400 BEARTOOTH DR,,"Integration, Citysourced",8/20/2018 12:54,CLOSED,2465380.949,7104470.518,33.14810591,-96.87642038,,,,,,,,
385273,4/27/2018 1:35,Neighborhood Traffic Issue,MOUNTAIN CREEK TRL & VALLEY BROOK DR,75035,Staff,8/3/2018 3:16,CLOSED,2507248.72,7101124.72,33.13705761,-96.73982342,,,,,,,,
385902,4/30/2018 4:33,Neighborhood Traffic Issue,5000 MAIN ST,,"Integration, Citysourced",8/28/2018 8:57,CLOSED,2475634.695,7106410.033,33.15299615,-96.84282137,,,,,,,,
386273,5/2/2018 11:08,Neighborhood Traffic Issue,Old Newman & Shakespeare (request to prohibit parking),,Staff,,IP,2462760.67,7104949.39,33.14953299,-96.88495685,,,,,,,,
386363,5/2/2018 3:53,Neighborhood Traffic Issue,Trailside Drive (No Parking request),,Staff,,IP,2469120.04,7096772.3,33.1267897,-96.86459626,,,,,,,,
386365,5/2/2018 4:08,Neighborhood Traffic Issue,Forest Manor Dr (No Pakring request),,Staff,,OPEN,2468687.75,7096897.3,33.12715173,-96.86600187,,,,,,,,
386869,5/4/2018 1:28,Neighborhood Traffic Issue,Fire lane behind Drury Inn (sight distance issue),,Staff,5/23/2018 11:24,CLOSED,2482508.59,7087669.34,33.10119185,-96.82134161,,,,,,,,
386957,5/5/2018 8:41,Neighborhood Traffic Issue,4600 FALLMEADOW DR,,"Integration, Citysourced",8/20/2018 12:47,CLOSED,2464654.862,7093529.093,33.11806665,-96.87934401,,,,,,,,
388606,5/14/2018 12:14,Neighborhood Traffic Issue,800 BONNEVILLE RD,,"Integration, Citysourced",6/4/2019 1:32,CLOSED,2463048.308,7103487.55,33.1455033,-96.88409058,,,,,,,,
388946,5/14/2018 1:27,Neighborhood Traffic Issue,Rogers Road (speeding),,Staff,,IP,2485052.08,7113044.68,33.17081763,-96.81170477,,,,,,,,
389370,5/15/2018 2:38,Neighborhood Traffic Issue,1500 IDLEWILD DR,,"Integration, Citysourced",4/9/2019 3:11,CLOSED,2464763.71,7104362.717,33.14783585,-96.87844235,,,,,,,,
391732,5/23/2018 3:40,Neighborhood Traffic Issue,Cajun & Coit (cars driving over curb & sidewalk),,Staff,,IP,2498517.68,7104740.61,33.14739371,-96.76814916,,,,,,,,
393056,5/29/2018 4:41,Neighborhood Traffic Issue,3000 BAINBRIDGE LN,,"Integration, Citysourced",8/23/2018 11:11,CLOSED,2469425.258,7099063.489,33.13307346,-96.86348276,,,,,,,,
394470,6/1/2018 4:59,Neighborhood Traffic Issue,Crest Court (No Parking request),,Staff,,IP,2479501.28,7084494.05,33.09259697,-96.83132598,,,,,,,,
396645,6/9/2018 4:34,Neighborhood Traffic Issue,1800 TIMBER RIDGE DR,,"Integration, Citysourced",10/17/2018 2:14,CLOSED,2465964.79,7097654.302,33.12934827,-96.87485747,,,,,,,,
399867,6/20/2018 10:28,Neighborhood Traffic Issue,Stonebrook & Anthem RRFB,,Staff,4/16/2019 2:22,CLOSED,2455645.83,7102508.22,33.14312243,-96.90832252,,,,,,,,
400207,6/21/2018 7:32,Neighborhood Traffic Issue,12200 ANGELO DR,,"Integration, Citysourced",8/20/2018 12:42,CLOSED,2494009.202,7116163.212,33.17898897,-96.7822679,,,,,,,,
400300,6/22/2018 9:59,Neighborhood Traffic Issue,6500 HONEYWOOD LN,,"Integration, Citysourced",10/17/2018 2:31,CLOSED,2462208.825,7098905.319,33.13294551,-96.88706297,,,,,,,,
400961,6/25/2018 1:39,Neighborhood Traffic Issue,"Blue Ridge, Barret and Coldwater (speeding)",,Staff,,IP,2466185.75,7115705.1,33.17894725,-96.87322267,,,,,,,,
405503,7/10/2018 2:36,Neighborhood Traffic Issue,13300 SULPHUR SPRINGS DR,,"Integration, Citysourced",8/20/2018 12:52,CLOSED,2495095.314,7119521.343,33.18816896,-96.77853851,,,,,,,,
408106,7/18/2018 3:56,Neighborhood Traffic Issue,Cotton Gin Road and Canal Street (speeding),,Staff,10/9/2018 11:23,CLOSED,2472937.5,7103843.69,33.1460598,-96.85176518,,,,,,,,
408401,7/19/2018 11:12,Neighborhood Traffic Issue,Stonebridge Drive (speeding),,Staff,,IP,2507946.88,7113095.72,33.16992423,-96.73688652,,,,,,,,
408462,7/19/2018 1:47,Neighborhood Traffic Issue,Stonebriar Country Club Estates (speeding),,Staff,7/19/2018 1:52,CLOSED,2473097.53,7083301.36,33.08959693,-96.85229505,,,,,,,,
408827,7/20/2018 1:59,Neighborhood Traffic Issue,11400 KINGSVILLE DR,,"Integration, Citysourced",8/20/2018 12:49,CLOSED,2494933.834,7116519.289,33.17992595,-96.77922703,,,,,,,,
408958,7/21/2018 7:33,Neighborhood Traffic Issue,10300 YORK DR,,"Integration, Citysourced",8/20/2018 12:28,CLOSED,2491509.611,7104027.413,33.14574911,-96.7910821,,,,,,,,
412100,8/1/2018 9:12,Neighborhood Traffic Issue,Backstretch Blvd (park & roundabout parking concerns),,Staff,3/22/2019 5:05,CLOSED,2462244.72,7098276.02,33.13121451,-96.88697728,,,,,,,,
413127,8/3/2018 1:49,Neighborhood Traffic Issue,Page Street (speeding),,Staff,8/3/2018 2:02,CLOSED,2478200.52,7105031.66,33.14909651,-96.83450975,,,,,,,,
415465,8/12/2018 12:20,Neighborhood Traffic Issue,4900 OAKHURST LN,,"Integration, Citysourced",8/20/2018 12:32,CLOSED,2475158.234,7093480.411,33.11748279,-96.84504359,,,,,,,,
415546,8/13/2018 8:58,Neighborhood Traffic Issue,DALLAS PKWY & WARREN PKWY,75034,Staff,9/6/2018 1:48,CLOSED,2481773.79,7089675.17,33.10673666,-96.8236364,,,,,,,,
416105,8/15/2018 12:12,Neighborhood Traffic Issue,Stonebrook & Reedy crosswalk,,Staff,8/23/2018 11:14,CLOSED,2469388.82,7099029.34,33.13298116,-96.86360352,,,,,,,,
416106,8/15/2018 12:20,Neighborhood Traffic Issue,Stonebrook & Reedy crosswalk,,Staff,8/15/2018 12:23,CLOSED,2469378.41,7099039.76,33.13301025,-96.86363699,,,,,,,,
416107,8/15/2018 12:26,Neighborhood Traffic Issue,Stonebrook & Reedy crosswalk,,Staff,8/15/2018 12:31,CLOSED,2469386.22,7099037.16,33.13300277,-96.86361162,,,,,,,,
416108,8/15/2018 12:34,Neighborhood Traffic Issue,Stonebrook & Reedy crosswalk,,Staff,8/15/2018 12:37,CLOSED,2469388.82,7099031.95,33.13298834,-96.86360339,,,,,,,,
416134,8/15/2018 8:51,Neighborhood Traffic Issue,4600 FLORENCE DR,,"Integration, Citysourced",10/17/2018 4:17,CLOSED,2474581.981,7091834.72,33.11298492,-96.84701014,,,,,,,,
416957,8/17/2018 9:47,Neighborhood Traffic Issue,7200 NICHOLS TRL,,"Integration, Citysourced",2/25/2019 3:06,CLOSED,2465970.911,7101320.299,33.13942318,-96.8746522,,,,,,,,
417784,8/21/2018 12:24,Neighborhood Traffic Issue,14000 MILL TOWN DR,,"Integration, Citysourced",8/31/2018 1:44,CLOSED,2466854.419,7121623.86,33.19518499,-96.87073733,,,,,,,,
418593,8/23/2018 4:08,Neighborhood Traffic Issue,Teel & High Shoals (crossing guard request),,Staff,8/23/2018 5:50,CLOSED,2469005.04,7103007.18,33.14392977,-96.86465484,,,,,,,,
419361,8/27/2018 4:48,Neighborhood Traffic Issue,9300 MIRROR FOUNTAIN CIR,,"Integration, Citysourced",8/31/2018 1:39,CLOSED,2472237.713,7107255.297,33.15546594,-96.85387668,,,,,,,,
420085,8/29/2018 1:54,Neighborhood Traffic Issue,Coit & Rolater (ped sign request),,Staff,8/29/2018 11:18,CLOSED,2498606.77,7101143.64,33.13750438,-96.76805185,,,,,,,,
420095,8/29/2018 2:04,Neighborhood Traffic Issue,Coit & Rolater (school concern),,Staff,8/29/2018 9:25,CLOSED,2498622.4,7101146.24,33.13751082,-96.76800066,,,,,,,,
420251,8/29/2018 8:59,Neighborhood Traffic Issue,11200 ASHLEY LN,,"Integration, Citysourced",2/25/2019 3:22,CLOSED,2506335.987,7113542.168,33.17122536,-96.74212612,,,,,,,,
420253,8/29/2018 10:59,Neighborhood Traffic Issue,Teel & High Shoals (student ped incident),,Staff,9/6/2018 7:08,CLOSED,2469005.21,7103018.64,33.14396125,-96.8646537,,,,,,,,
420254,8/29/2018 11:54,Neighborhood Traffic Issue,Frisco Street at All Stars AND at Eldorado (traffic complaints),,Staff,8/29/2018 11:58,CLOSED,2478380.16,7110404.01,33.16385323,-96.83364443,,,,,,,,
420255,8/30/2018 12:05,Neighborhood Traffic Issue,Teel & High Shoals (guard & signal request),,Staff,8/30/2018 12:10,CLOSED,2469006.41,7103010.78,33.1439396,-96.86465018,,,,,,,,
420256,8/30/2018 12:14,Neighborhood Traffic Issue,Teel & High Shoals (concern after ped incident),,Staff,8/30/2018 12:18,CLOSED,2469006.41,7103008.18,33.14393246,-96.86465031,,,,,,,,
420257,8/30/2018 12:21,Neighborhood Traffic Issue,Teel & High Shoals (crossing guard request),,Staff,9/6/2018 7:28,CLOSED,2469006.41,7103013.38,33.14394675,-96.86465005,,,,,,,,
420258,8/30/2018 12:29,Neighborhood Traffic Issue,Teel & High Shoals (concerns over ped incident),,Staff,8/30/2018 12:31,CLOSED,2469014.23,7103005.57,33.14392495,-96.8646249,,,,,,,,
420259,8/30/2018 12:33,Neighborhood Traffic Issue,Teel & High Shoals (concerned about crosswalk),,Staff,8/30/2018 12:38,CLOSED,2469014.23,7103013.38,33.14394641,-96.8646245,,,,,,,,
421027,8/31/2018 8:28,Neighborhood Traffic Issue,Eldorado & Tangerine (school crosswalk concern),,Staff,8/31/2018 8:38,CLOSED,2501270.83,7114620.2,33.17441986,-96.75861973,,,,,,,,
423370,9/12/2018 2:05,Neighborhood Traffic Issue,COBB HILL DR & BETHEL DR,75033,Staff,3/28/2019 2:00,CLOSED,2477848.75,7117200.63,33.18255512,-96.83502885,,,,,,,,
423800,9/14/2018 9:10,Neighborhood Traffic Issue,Rolater & Carlson (crossing guard request),,Staff,9/14/2018 9:16,CLOSED,2500572.92,7101289.47,33.1378159,-96.7616214,,,,,,,,
424646,9/18/2018 1:44,Neighborhood Traffic Issue,8500 ROBERTSON DR,,"Integration, Citysourced",4/9/2019 3:13,CLOSED,2467916.438,7104825.59,33.14897377,-96.86811887,,,,,,,,
424849,9/19/2018 10:23,Neighborhood Traffic Issue,Stonebrook & Frisco Lakes (u-turn complaint),,Staff,,IP,2459328.65,7103323.85,33.14521007,-96.89625063,,,,,,,,
424852,9/19/2018 10:29,Neighborhood Traffic Issue,Stonebrook & FM 423 (Chick-fil-a traffic complaints),,Staff,,IP,2459341.15,7103316.56,33.14518951,-96.89621015,,,,,,,,
425545,9/21/2018 3:36,Neighborhood Traffic Issue,6400 COBBIE CREEK DR,,"Integration, Citysourced",10/18/2018 4:09,CLOSED,2467621.843,7098462.593,33.1314991,-96.86940402,,,,,,,,
427534,10/2/2018 9:25,Neighborhood Traffic Issue,9400 WICHITA TRL,,"Integration, Citysourced",4/9/2019 3:36,CLOSED,2466791.288,7107662.454,33.15681821,-96.87165112,,,,,,,,
427777,10/2/2018 7:51,Neighborhood Traffic Issue,Cockett & The Trails (BFR request),,Staff,,OPEN,2465124.48,7109145.83,33.16096581,-96.87702228,,,,,,,,
428597,10/5/2018 4:47,Neighborhood Traffic Issue,12400 Hawk Creek (ADA ramp for home),,Staff,,IP,2463557.94,7116815.34,33.18211002,-96.88175489,,,,,,,,
429631,10/10/2018 7:21,Neighborhood Traffic Issue,8500 ROBERTSON DR,,"Integration, Citysourced",2/25/2019 3:05,CLOSED,2467916.438,7104825.59,33.14897377,-96.86811887,,,,,,,,
429884,10/11/2018 1:11,Neighborhood Traffic Issue,2000 MARBLE RDG,,"Integration, Citysourced",8/13/2019 3:15,CLOSED,2454958.077,7103207.579,33.14507309,-96.91053474,DUPLICATE,,,10/11/2018 12:00,10/18/2018 12:00,,,8/13/2019 12:00
430637,10/16/2018 12:19,Neighborhood Traffic Issue,6000 ARBORETUM DR,,"Integration, Citysourced",2/25/2019 3:05,CLOSED,2483925.973,7098261.835,33.13024046,-96.81615906,,,,,,,,
430946,10/17/2018 1:57,Neighborhood Traffic Issue,Rolater & Lawler Park Dr (school zone request),,Staff,,IP,2502154.17,7101335.42,33.13787016,-96.75645362,,,,,,,,
431447,10/19/2018 2:04,Neighborhood Traffic Issue,Independence & Sutherland (guard request),,Staff,3/8/2019 2:15,CLOSED,2503803.94,7110568.41,33.16316903,-96.75056222,,,,,,,,
431551,10/20/2018 9:04,Neighborhood Traffic Issue,13000 VIOLA DR,,"Integration, Citysourced",10/23/2018 5:18,CLOSED,2461933.531,7118611.156,33.18711404,-96.8869738,,,,,,,,
432235,10/23/2018 3:29,Neighborhood Traffic Issue,2000 MARBLE RDG,,"Integration, Citysourced",8/13/2019 3:17,CLOSED,2454958.077,7103207.579,33.14507309,-96.91053474,SIGN,,,10/23/2018 12:00,10/23/2018 12:00,,,8/13/2019 12:00
432789,10/25/2018 3:05,Neighborhood Traffic Issue,KINGFISHER LN,75033,Staff,,IP,2464355.646,7109365.92,33.16160329,-96.87952335,,,,,,,,
433020,10/26/2018 11:23,Neighborhood Traffic Issue,John Hickman & Parkwood (hard to see where to turn at night),,Staff,,IP,2484281.81,7092810.31,33.11524259,-96.81528236,,,,,,,,
433535,10/29/2018 1:36,Neighborhood Traffic Issue,Cotton Gin & Canal (one way issue/speeding/stop sign compliance),,Staff,3/8/2019 2:11,CLOSED,2472748.92,7103857.39,33.14610559,-96.85238056,,,,,,,,
438213,11/18/2018 1:06,Neighborhood Traffic Issue,3200 CLEARFORK TRL,,"Integration, Citysourced",2/25/2019 5:02,CLOSED,2470125.244,7099851.532,33.13520922,-96.86115612,,,,,,,,
439494,11/26/2018 10:25,Neighborhood Traffic Issue,CORONADO TRL & BUENA PARK DR,75033,Staff,1/9/2020 3:30,CLOSED,2466020.92,7114109.51,33.17456918,-96.87384209,,,,,,,,
439521,11/26/2018 10:38,Neighborhood Traffic Issue,PRESTON VINEYARD DR,75035,Staff,2/25/2019 3:07,CLOSED,2487549.29,7099611.39,33.13378919,-96.80425296,,,,,,,,
439710,11/26/2018 2:13,Neighborhood Traffic Issue,LEGACY DR & LONGVUE DR,75034,Staff,2/25/2019 3:36,CLOSED,2476854.58,7091619.07,33.11229375,-96.83959963,,,,,,,,
441036,11/29/2018 5:27,Neighborhood Traffic Issue,1900 BROOKDALE DR,,"Integration, Citysourced",4/9/2019 3:42,CLOSED,2455140.932,7102634.424,33.14349029,-96.9099657,,,,,,,,
441789,12/3/2018 1:48,Neighborhood Traffic Issue,MARBELLA DR & ATTLEBOROUGH DR,75035,Staff,6/4/2019 1:33,CLOSED,2491743.66,7119344.95,33.18783466,-96.78950265,,,,,,,,
444839,12/16/2018 2:38,Neighborhood Traffic Issue,3400 MAIN ST,,"Integration, Citysourced",1/16/2019 11:33,CLOSED,2470409.728,7106307.288,33.15293915,-96.85989759,,,,,,,,
445232,12/17/2018 1:40,Neighborhood Traffic Issue,4900 TOLEDO BEND DR,,"Integration, Citysourced",1/16/2019 11:26,CLOSED,2475196.526,7117513.763,33.18353092,-96.84368093,,,,,,,,
445233,12/17/2018 1:41,Neighborhood Traffic Issue,4900 TOLEDO BEND DR,,"Integration, Citysourced",1/16/2019 11:25,CLOSED,2475112.607,7117527.143,33.18357132,-96.84395451,,,,,,,,
445426,12/18/2018 10:47,Neighborhood Traffic Issue,Throne Hall & Legacy (crossing guard request),,Staff,12/18/2018 10:52,CLOSED,2473862.75,7108303.1,33.15827547,-96.84851341,,,,,,,,
445832,12/20/2018 9:30,Neighborhood Traffic Issue,8300 CHRISTIE DR,,"Integration, Citysourced",1/16/2019 11:23,CLOSED,2485232.968,7106295.957,33.15226256,-96.81146816,,,,,,,,
450821,1/14/2019 8:32,Neighborhood Traffic Issue,LYNDHURST DR & COIT RD,75035,Staff,6/4/2019 1:33,CLOSED,2498652.29,7105155.07,33.14852664,-96.76768706,,,,,,,,
450996,1/14/2019 11:05,Neighborhood Traffic Issue,4700 GLEN HEATHER DR,,"Integration, Citysourced",6/4/2019 1:36,CLOSED,2474881.619,7093724.026,33.11816429,-96.84593445,,,,,,,,
452266,1/18/2019 2:27,Neighborhood Traffic Issue,Lake Trail Drive (public/private road),,Staff,2/25/2019 3:45,CLOSED,2458691.15,7105000.93,33.14984588,-96.89824975,,,,,,,,
453634,1/24/2019 5:08,Neighborhood Traffic Issue,4700 TEEL PKWY 8,,"Integration, Citysourced",6/4/2019 1:36,CLOSED,2466504.09,7093306.671,33.11737681,-96.87331585,,,,,,,,
454762,1/29/2019 2:49,Neighborhood Traffic Issue,Texoma Drive at Legacy (crossing guard request),,Staff,2/1/2019 12:26,CLOSED,2474353.18,7118124.25,33.18524519,-96.84640584,,,,,,,,
455622,2/1/2019 8:32,Neighborhood Traffic Issue,5000 BUCHANAN AVE,,"Integration, Citysourced",2/22/2019 5:21,CLOSED,2475678.259,7118400.528,33.18594707,-96.84206073,,,,,,,,
457320,2/11/2019 10:54,Neighborhood Traffic Issue,6400 DALLAS PKWY,75034,"Integration, Citysourced",2/22/2019 5:13,CLOSED,2481460.775,7098569.568,33.13119453,-96.82419519,,,,,,,,
457878,2/13/2019 1:41,Neighborhood Traffic Issue,11100 MONARCH DR,,"Integration, Citysourced",2/22/2019 4:52,CLOSED,2464130.24,7109694.7,33.16251642,-96.8802433,,,,,,,,
458514,2/16/2019 1:50,Neighborhood Traffic Issue,6704 DALLAS PKWY,75034,"Integration, Citysourced",2/18/2019 8:10,CLOSED,2480947.476,7099317.081,33.13327139,-96.8258329,,,,,,,,
459147,2/20/2019 11:20,Neighborhood Traffic Issue,Rolater & Valley Brook (safety concern),,Staff,2/21/2019 9:27,CLOSED,2507239.58,7101362.85,33.13771246,-96.73984025,,,,,,,,
459414,2/21/2019 9:28,Neighborhood Traffic Issue,12200 ARK RD,,"Integration, Citysourced",2/22/2019 4:48,CLOSED,2497177.308,7104560.309,33.14695885,-96.77253776,,,,,,,,
459584,2/21/2019 5:14,Neighborhood Traffic Issue,Anthem & Marina Point (roundabout visibility),,Staff,2/25/2019 3:42,CLOSED,2455311.35,7104707.47,33.14918052,-96.90930642,,,,,,,,
459740,2/22/2019 1:14,Neighborhood Traffic Issue,2000 MARBLE RDG,,"Integration, Citysourced",8/13/2019 3:18,CLOSED,2454958.882,7103312.366,33.14536104,-96.91052693,DUPLICATE,,,2/22/2019 12:00,2/25/2019 12:00,,,8/13/2019 12:00
460137,2/25/2019 2:27,Neighborhood Traffic Issue,9400 EDINBURGH LN,,"Integration, Citysourced",2/25/2019 2:56,CLOSED,2488769.6,7101688.48,33.13944334,-96.80015708,,,,,,,,
460348,2/26/2019 11:12,Neighborhood Traffic Issue,3400 LEBANON RD,,"Integration, Citysourced",2/26/2019 5:05,CLOSED,2470716.984,7092799.531,33.115803,-96.85958291,,,,,,,,
460359,2/26/2019 11:30,Neighborhood Traffic Issue,Kentland south of Sechrist (water close to road),,Staff,2/26/2019 11:32,CLOSED,2472379.17,7105731.6,33.15127233,-96.85349254,,,,,,,,
461987,3/5/2019 1:29,Neighborhood Traffic Issue,Richwoods Neighborhood (request for 25mph speed limit),,Staff,,IP,2501301.65,7098801.84,33.13094616,-96.75937559,,,,,,,,
462349,3/6/2019 8:35,Neighborhood Traffic Issue,6100 ARBORETUM DR (Chapel Creek Pkwy speeding),,"Integration, Citysourced",,IP,2484030.228,7098442.029,33.13073109,-96.81580909,,,,,,,,
462354,3/7/2019 6:07,Neighborhood Traffic Issue,11100 NEWBERRY DR,,"Integration, Citysourced",3/15/2019 3:44,CLOSED,2494215.901,7100031.073,33.13464492,-96.78245442,,,,,,,,
462885,3/8/2019 3:46,Neighborhood Traffic Issue,Shaddock Creek Lane (speeding),,Staff,,IP,2471126.79,7111491.14,33.16715491,-96.85728996,,,,,,,,
463694,3/12/2019 3:42,Neighborhood Traffic Issue,4700 COLBY DR,,"Integration, Citysourced",3/18/2019 3:22,CLOSED,2489951.801,7093823.348,33.11777538,-96.79671184,,,,,,,,
464493,3/15/2019 1:58,Neighborhood Traffic Issue,4800 LEGACY DR D,,"Integration, Citysourced",3/15/2019 3:32,CLOSED,2476616.753,7093781.842,33.11824796,-96.8402647,,,,,,,,
464510,3/15/2019 2:30,Neighborhood Traffic Issue,4800 LEGACY DR D,,"Integration, Citysourced",3/15/2019 3:33,CLOSED,2476616.753,7093781.842,33.11824796,-96.8402647,,,,,,,,
464574,3/16/2019 9:56,Neighborhood Traffic Issue,1719 PEPPERVINE RD,,"Integration, Citysourced App",3/18/2019 3:27,CLOSED,2465556.766,7127400.555,33.21111597,-96.87468689,,,,,,,,
465602,3/20/2019 4:13,Neighborhood Traffic Issue,Kickapoo & Osage (No Parking request),,Staff,3/21/2019 9:13,CLOSED,2475406.813,7095825.547,33.12391709,-96.84411103,,,,,,,,
466169,3/22/2019 3:04,Neighborhood Traffic Issue,2000BROOKDALE DR,,"Integration, Citysourced App",8/16/2019 10:56,CLOSED,2454889.708,7103085.218,33.14473965,-96.91076414,SIGN,,,3/22/2019 12:00,,,,8/16/2019 12:00
466196,3/22/2019 3:54,Neighborhood Traffic Issue,5500 CHARLESTON DR,,"Integration, Citysourced App",,IP,2493523.86,7096176.521,33.12408276,-96.78492053,,,,,,,,
466222,3/22/2019 6:00,Neighborhood Traffic Issue,12200 CAJUN DR,,"Integration, Citysourced App",3/26/2019 12:48,CLOSED,2497340.791,7104916.322,33.14792987,-96.77198454,,,,,,,,
466740,3/25/2019 8:51,Neighborhood Traffic Issue,14000 UNION GROVE LN,,"Integration, Citysourced App",3/26/2019 9:31,CLOSED,2467538.438,7121488.754,33.19478451,-96.8685083,,,,,,,,
467149,3/27/2019 10:25,Neighborhood Traffic Issue,5600 PLANTATION LN,,"Integration, Citysourced App",,IP,2495795.507,7096588.228,33.12511207,-96.77747909,,,,,,,,
467286,3/27/2019 4:05,Neighborhood Traffic Issue,6800 DEACON DR,,"Integration, Citysourced App",8/16/2019 10:57,CLOSED,2453690.937,7099990.843,33.13628519,-96.91483297,SIGN,NO - RESIDENT / OTHER,,3/27/2019 12:00,3/28/2019 12:00,,3/28/2019 12:00,8/16/2019 12:00
467313,3/27/2019 8:32,Neighborhood Traffic Issue,4400 COTTON GIN RD,75034,"Integration, Citysourced App",6/4/2019 1:23,CLOSED,2473635.986,7103907.311,33.14620451,-96.84948001,,,,,,,,
467358,3/28/2019 7:58,Neighborhood Traffic Issue,5900 TALLOW LN,,"Integration, Citysourced App",,OPEN,2461081.902,7097447.495,33.1289865,-96.89081697,,,,,,,,
467361,3/28/2019 8:03,Neighborhood Traffic Issue,5900 TALLOW LN,,"Integration, Citysourced App",,OPEN,2461081.902,7097447.495,33.1289865,-96.89081697,,,,,,,,
467465,3/28/2019 10:11,Neighborhood Traffic Issue,12200 ALEXANDRIA DR,,"Integration, Citysourced App",6/4/2019 1:21,CLOSED,2497597.566,7097854.967,33.12851202,-96.77152527,,,,,,,,
467764,3/28/2019 4:58,Neighborhood Traffic Issue,Coronado Trail (speeding),,Staff,6/4/2019 1:24,CLOSED,2465923.487,7114244.313,33.1749438,-96.87415368,,,,,,,,
468156,3/29/2019 4:22,Neighborhood Traffic Issue,Teal Hollow Drive (speeding),,Staff,,IP,2492160.938,7096880.556,33.12607869,-96.78933451,,,,,,,,
468232,3/30/2019 6:12,Neighborhood Traffic Issue,14400 LEBANON RD,,"Integration, Citysourced App",6/4/2019 1:18,CLOSED,2503945.265,7095954.453,33.1230002,-96.75089555,,,,,,,,
468240,3/31/2019 2:20,Neighborhood Traffic Issue,14200 SORANO DR,,"Integration, Citysourced App",4/2/2019 1:34,CLOSED,2503260.037,7110235.612,33.16227931,-96.75235752,,,,,,,,
468868,4/2/2019 8:03,Neighborhood Traffic Issue,11500 AMBER VALLEY DR,,"Integration, Citysourced App",4/2/2019 1:28,CLOSED,2495237.828,7104929.099,33.14805987,-96.77885417,,,,,,,,
470352,4/8/2019 10:01,Neighborhood Traffic Issue,11100 ROGERS RD (speeding),75033,Staff,,OPEN,2485071.183,7113065.675,33.17087449,-96.81164124,,,,,,,,
470392,4/8/2019 10:32,Neighborhood Traffic Issue,Liscano Elementry School,,Staff,6/4/2019 1:18,CLOSED,2500544.709,7113210.64,33.17057916,-96.7610689,,,,,,,,
470564,4/8/2019 3:38,Neighborhood Traffic Issue,Warren Pkwy (Duck Crossing),,Staff,4/17/2019 9:52,CLOSED,2479432.292,7089672.743,33.10683245,-96.83128262,,,,,,,,
470808,4/9/2019 11:41,Neighborhood Traffic Issue,11300 CANOE RD,,"Integration, Citysourced App",,IP,2494639.315,7104017.355,33.14558112,-96.78085825,,,,,,,,
470818,4/9/2019 12:07,Neighborhood Traffic Issue,Old Newman Rd (Parking),,Staff,,IP,2461265.482,7104970.591,33.14965434,-96.88984069,,,,,,,,
471094,4/10/2019 11:59,Neighborhood Traffic Issue,12300 PRIVET LN,,"Integration, Citysourced App",6/4/2019 1:13,CLOSED,2497292.229,7106652.842,33.15270441,-96.77204987,,,,,,,,
471632,4/11/2019 2:48,Neighborhood Traffic Issue,12100 COIT RD,75035,Staff,6/25/2019 4:25,CLOSED,2498340.582,7115827.637,33.17787128,-96.76813055,,,,,,,,
471672,4/11/2019 4:36,Neighborhood Traffic Issue,Ohio Drive (crosswalk request),,Staff,5/23/2019 12:51,CLOSED,2489183.506,7088614.86,33.10349533,-96.79949635,,,,,,,,
471682,4/11/2019 4:58,Neighborhood Traffic Issue,Preston & Corinth (No U-Turn Request),,Staff,11/20/2019 11:35,CLOSED,2487616.146,7122534.201,33.19678339,-96.80282483,,,,,,,,
471789,4/12/2019 10:22,Neighborhood Traffic Issue,Frisco Square (speed limit signs),,Staff,5/10/2019 10:20,CLOSED,2478500.521,7105077.951,33.14921065,-96.83352724,,,,,,,,
471797,4/12/2019 10:43,Neighborhood Traffic Issue,Plantation Resort (speeding),,Staff,,IP,2495684.036,7095762.13,33.12284678,-96.7778874,,,,,,,,
471825,4/12/2019 11:56,Neighborhood Traffic Issue,Rogers Road (wrong way drivers),,Staff,5/23/2019 2:16,CLOSED,2485044.792,7112229.682,33.16857815,-96.81177139,,,,,,,,
473239,4/18/2019 3:13,Neighborhood Traffic Issue,11600 CREEK POINT DR,,"Integration, Citysourced App",6/25/2019 4:33,CLOSED,2495867.685,7094511.456,33.11940135,-96.77735458,,,,,,,,
474375,4/23/2019 3:20,Neighborhood Traffic Issue,West Stonebrook (u-turn complaints),,Staff,,OPEN,2459315.625,7103315.451,33.14518753,-96.8962936,,,,,,,,
475932,4/29/2019 8:42,Neighborhood Traffic Issue,Texas Ford Aquatics (private property traffic calming),,Staff,5/10/2019 10:22,CLOSED,2473799.479,7104378.472,33.14749232,-96.84892169,,,,,,,,
477017,5/1/2019 11:25,Neighborhood Traffic Issue,8400 EDGE WATER DR,,"Integration, Citysourced App",6/4/2019 1:11,CLOSED,2485600.103,7103604.975,33.14485087,-96.81041009,,,,,,,,
478342,5/7/2019 6:30,Neighborhood Traffic Issue,6549 BOLLIGER CT,,"Integration, Citysourced App",5/7/2019 11:22,CLOSED,2494063.975,7099281.581,33.13259196,-96.7829907,,,,,,,,
478921,5/8/2019 2:59,Neighborhood Traffic Issue,CHRISTOPHER LN & COVEY POINT (School Parking),,"Integration, Citysourced App",,IP,2506958.627,7113366.495,33.17071392,-96.74010107,,,,,,,,
478941,5/8/2019 3:34,Neighborhood Traffic Issue,Queens Gate neighborhood (No Parking request),,Staff,,OPEN,2488489.583,7102831.597,33.14259735,-96.80101141,,,,,,,,
481417,5/17/2019 11:20,Neighborhood Traffic Issue,12700 POSSUM KINGDOM DR,,"Integration, Citysourced App",5/20/2019 1:59,CLOSED,2475784.838,7117594.043,33.18372604,-96.841754,,,,,,,,
481591,5/19/2019 11:52,Neighborhood Traffic Issue,13000 AMBROSE DR,,"Integration, Citysourced App",5/20/2019 10:55,CLOSED,2492793.673,7118627.323,33.18581543,-96.786109,,,,,,,,
482285,5/21/2019 10:18,Neighborhood Traffic Issue,Custer & Eldorado - Andy’s Custard,,Staff,,OPEN,2508565.625,7114530.035,33.17383746,-96.73478584,,,,,,,,
483454,5/25/2019 7:42,Neighborhood Traffic Issue,9000 PRESTON VINEYARD DR,,"Integration, Citysourced App",6/25/2019 4:33,CLOSED,2487549.289,7099611.386,33.13378918,-96.80425297,,,,,,,,
483990,5/28/2019 3:24,Neighborhood Traffic Issue,Ohio & Warren Roundabout concerns,,Staff,,OPEN,2488629.688,7090626.389,33.10904816,-96.80119853,,,,,,,,
485376,6/1/2019 7:46,Neighborhood Traffic Issue,1700 WILDFIRE LN,,"Integration, Citysourced App",6/4/2019 1:09,CLOSED,2465510.808,7108702.953,33.15973225,-96.87578233,,NO - RESIDENT / OTHER,,6/1/2019 12:00,6/3/2019 12:00,,,6/4/2019 12:00
487069,6/6/2019 8:37,Neighborhood Traffic Issue,Town & Country and Leadership Dr (parking issues),,Staff,,OPEN,2478249.479,7083548.742,33.09005358,-96.83546195,,,,,,,,
489775,6/14/2019 11:40,Neighborhood Traffic Issue,9600 CROSSVINE LN,,"Integration, Citysourced App",1/9/2020 3:39,CLOSED,2489585.517,7092880.574,33.11520072,-96.79795796,,,,,,,,
491686,6/20/2019 2:05,Neighborhood Traffic Issue,Roundabout at Warren and Ohio ,,Staff,,OPEN,2488626.562,7090621.137,33.10903387,-96.80120902,,,,,,,,
491714,6/20/2019 2:48,Neighborhood Traffic Issue,The Trails Pkwy & Crockett (BFR request),,Staff,8/27/2019 3:29,CLOSED,2465125.099,7109143.807,33.16096022,-96.87702036,CROSSWALK,,,6/17/2019 12:00,6/18/2019 12:00,,,8/27/2019 12:00
492397,6/24/2019 1:53,Neighborhood Traffic Issue,6600 FAIRLAWN DR,,"Integration, Citysourced App",6/25/2019 4:32,CLOSED,2493976.546,7099663.023,33.13364418,-96.78325592,FRISCO PD,NO - RESIDENT / OTHER,,6/24/2019 12:00,,,,6/25/2019 12:00
492958,6/25/2019 5:44,Neighborhood Traffic Issue,4800 LINDA LN,,"Integration, Citysourced App",6/26/2019 4:06,CLOSED,2474571.185,7116428.807,33.18057628,-96.84578058,FRISCO PD,NO - RESIDENT / OTHER,,6/25/2019 12:00,,,,6/26/2019 12:00
494016,6/28/2019 1:35,Neighborhood Traffic Issue,2100 BROOKDALE DR,,"Integration, Citysourced App",7/26/2019 11:30,CLOSED,2454784.638,7103118.382,33.14483516,-96.91110576,FRISCO PD,NO - RESIDENT / OTHER,,6/28/2019 12:00,7/26/2019 12:00,,,7/26/2019 12:00
494655,7/1/2019 2:33,Neighborhood Traffic Issue,Stonebriar Drive and Warren Parkway (No U-turn),,Staff,11/20/2019 11:35,CLOSED,2478867.708,7089645.617,33.10678254,-96.83312766,,,,,,,,
498510,7/15/2019 11:23,Neighborhood Traffic Issue,7400 YELLOWSTONE DR,,"Integration, Citysourced App",1/23/2020 2:09,CLOSED,2482457.958,7112174.707,33.16854104,-96.82022739,,,,,,,,
498941,7/16/2019 12:20,Neighborhood Traffic Issue,8400 ARCADIA DR,,"Integration, Citysourced App",,IP,2496822.125,7104985.53,33.14814351,-96.77367529,,,,,,,,
499217,7/17/2019 9:47,Neighborhood Traffic Issue,6500 LEBANON RD 2,,"Integration, Citysourced App",2/12/2020 11:21,CLOSED,2480387.578,7094151.847,33.11910049,-96.82793034,,,,,,,,
501566,7/24/2019 10:58,Neighborhood Traffic Issue,,,"Integration, Citysourced App",1/22/2020 2:41,CLOSED,2472773.883,7103253.741,33.14444552,-96.85232994,,,,,,,,
501568,7/24/2019 11:01,Neighborhood Traffic Issue,,,"Integration, Citysourced App",7/26/2019 11:56,CLOSED,2472773.883,7103253.741,33.14444552,-96.85232994,DUPLICATE,,,,,,,
501570,7/24/2019 11:04,Neighborhood Traffic Issue,,,"Integration, Citysourced App",7/26/2019 11:56,CLOSED,2472773.883,7103253.741,33.14444552,-96.85232994,DUPLICATE,,,,,,,
502952,7/29/2019 3:11,Neighborhood Traffic Issue,Fossil Ridge Drive (speeding & cut-through traffic),,Staff,8/30/2019 4:33,CLOSED,2482998.958,7102684.201,33.14243504,-96.81895584,SPEEDING,NO - RESIDENT / OTHER,,7/29/2019 12:00,7/29/2019 12:00,,7/29/2019 12:00,8/30/2019 12:00
505397,8/6/2019 1:37,Neighborhood Traffic Issue,3100 OVERHILL DR,75033,Staff,1/9/2020 3:54,CLOSED,2469311.351,7113307.93,33.17222579,-96.8631298,CROSSING GUARD,,,8/6/2019 12:00,8/6/2019 12:00,,,
505398,8/6/2019 1:38,Neighborhood Traffic Issue,3100 OVERHILL DR,75033,Staff,8/6/2019 1:46,CLOSED,2469311.351,7113307.93,33.17222579,-96.8631298,DUPLICATE,,,,,,,
505399,8/6/2019 1:39,Neighborhood Traffic Issue,3100 OVERHILL DR,75033,Staff,8/6/2019 1:46,CLOSED,2469311.351,7113307.93,33.17222579,-96.8631298,DUPLICATE,,,,,,,
505400,8/6/2019 1:39,Neighborhood Traffic Issue,3100 OVERHILL DR,75033,Staff,8/6/2019 1:46,CLOSED,2469311.351,7113307.93,33.17222579,-96.8631298,DUPLICATE,,,,,,,
505699,8/7/2019 2:08,Neighborhood Traffic Issue,8600 BROOKHOLLOW BLVD 8,,"Integration, Citysourced App",8/9/2019 10:32,CLOSED,2486275.659,7099637.45,33.13391725,-96.80841186,FRISCO PD,NO - RESIDENT / OTHER,,8/7/2019 12:00,8/9/2019 12:00,,,8/9/2019 12:00
506213,8/8/2019 7:53,Neighborhood Traffic Issue,7900 HICKORY ST,,"Integration, Citysourced App",1/9/2020 3:55,CLOSED,2484128.029,7103817.909,33.14550104,-96.81520801,FRISCO PD,NO - RESIDENT / OTHER,,8/8/2019 12:00,8/9/2019 12:00,,,
506218,8/8/2019 11:35,Neighborhood Traffic Issue,15500 WRANGLER DR,,"Integration, Citysourced App",8/9/2019 10:24,CLOSED,2507140.627,7116931.294,33.18050231,-96.73931107,FRISCO PD,NO - RESIDENT / OTHER,,8/8/2019 12:00,,,,8/9/2019 12:00
506272,8/9/2019 9:10,Neighborhood Traffic Issue,8000 CHRISTIE DR,,"Integration, Citysourced App",,IP,2484330.393,7106378.505,33.15252926,-96.81441267,SIGN,NO - RESIDENT / OTHER,,8/9/2019 12:00,8/9/2019 12:00,,,
506280,8/9/2019 9:22,Neighborhood Traffic Issue,15500 WRANGLER DR,,"Integration, Citysourced App",8/9/2019 10:26,CLOSED,2507140.627,7116931.294,33.18050231,-96.73931107,FRISCO PD,NO - RESIDENT / OTHER,,8/9/2019 12:00,,,,8/9/2019 12:00
506341,8/9/2019 11:05,Neighborhood Traffic Issue,8600 BROOKHOLLOW BLVD 12,,"Integration, Citysourced App",9/24/2019 12:21,CLOSED,2486639.254,7098818.964,33.13165175,-96.80726727,FRISCO PD,NO - RESIDENT / OTHER,,8/9/2019 12:00,8/9/2019 12:00,,,8/9/2019 12:00
507317,8/13/2019 8:21,Neighborhood Traffic Issue,6700 CANTERBURY DR,,"Integration, Citysourced App",8/13/2019 4:22,CLOSED,2493337.935,7099881.39,33.13427297,-96.78533026,FRISCO PD,,,8/13/2019 12:00,8/13/2019 12:00,,,8/13/2019 12:00
508560,8/16/2019 2:15,Neighborhood Traffic Issue,2500 SAGE RIDGE DR,,"Integration, Citysourced App",9/24/2019 12:24,CLOSED,2467736.515,7099349.362,33.1339313,-96.86898448,PARKING,NO - RESIDENT / OTHER,,8/16/2019 12:00,8/21/2019 12:00,,,8/21/2019 12:00
508628,8/16/2019 6:36,Neighborhood Traffic Issue,14200 RISING STAR BLVD,,"Integration, Citysourced App",9/24/2019 12:23,CLOSED,2466057.63,7121962.746,33.19615026,-96.87332469,SCHOOL CIRCULATION,NO - RESIDENT / OTHER,,8/16/2019 12:00,8/21/2019 12:00,,,8/28/2019 12:00
508700,8/18/2019 7:41,Neighborhood Traffic Issue,10200 PLAINSMAN LN,,"Integration, Citysourced App",9/24/2019 12:20,CLOSED,2491376.92,7116597.702,33.18030104,-96.79084742,FRISCO PD,NO - RESIDENT / OTHER,,8/18/2019 12:00,8/21/2019 12:00,,,8/21/2019 12:00
509457,8/20/2019 2:12,Neighborhood Traffic Issue,800 BONNEVILLE RD,75036,Staff,9/24/2019 11:56,CLOSED,2463025.449,7103473.332,33.14546519,-96.88416597,SIGN,NO - RESIDENT / OTHER,,9/20/2019 12:00,,,,
509473,8/20/2019 2:56,Neighborhood Traffic Issue,Fighting Eagles Lane (No Parking Signs),,Staff,8/30/2019 10:00,CLOSED,2475783.854,7098786.242,33.13203753,-96.84272701,SIGN,NO - RESIDENT / OTHER,,8/16/2019 12:00,8/16/2019 12:00,,8/27/2019 12:00,8/30/2019 12:00
510385,8/22/2019 2:34,Neighborhood Traffic Issue,14000 FALL HARVEST DR,,"Integration, Citysourced App",9/24/2019 12:22,CLOSED,2465653.72,7121551.411,33.195037,-96.8746658,SCHOOL CIRCULATION,NO - RESIDENT / OTHER,,8/22/2019 12:00,8/23/2019 12:00,,8/22/2019 12:00,8/23/2019 12:00
510394,8/22/2019 2:54,Neighborhood Traffic Issue,11100 OUTPOST TRL,,"Integration, Citysourced App",8/23/2019 4:34,CLOSED,2464307.683,7109696.93,33.16251503,-96.87966338,FRISCO PD,NO - RESIDENT / OTHER,,8/22/2019 12:00,8/23/2019 12:00,,,8/23/2019 12:00
512316,8/27/2019 10:20,Neighborhood Traffic Issue,1300 DEER LAKE DR,,"Integration, Citysourced App",,IP,2464587.408,7095192.343,33.12264059,-96.87948051,PARKING,,,8/27/2019 12:00,,,,
513262,8/30/2019 10:26,Neighborhood Traffic Issue,6900 Main Street (Caution Sign or Stop Sign requested for alley) ,,Staff,8/30/2019 4:56,CLOSED,2481265.448,7105436.651,33.15007557,-96.82447542,SIGN,NO - RESIDENT / OTHER,,8/26/2019 12:00,8/26/2019 12:00,,,8/29/2019 12:00
513521,9/2/2019 9:06,Neighborhood Traffic Issue,10500 MILLIE LN,,"Integration, Citysourced App",9/24/2019 12:20,CLOSED,2505430.585,7111100.508,33.16455678,-96.74521809,FRISCO PD,,,9/2/2019 12:00,9/24/2019 12:17,,9/24/2019 12:17,9/24/2019 12:17
513971,9/3/2019 3:52,Neighborhood Traffic Issue,ALEXANDRIA DR & WILMINGTON DR,75035,Staff,,IP,2496739.242,7097796.131,33.12838911,-96.77433192,,,,,,,,
515489,9/9/2019 8:47,Neighborhood Traffic Issue,2900 BAINBRIDGE LN,,"Integration, Citysourced App",9/24/2019 9:10,CLOSED,2469401.751,7099274.929,33.13365556,-96.86354879,FRISCO PD,,,9/9/2019 12:00,9/13/2019 12:00,,,9/13/2019 12:00
516890,9/12/2019 6:23,Neighborhood Traffic Issue,1900 GRANITE RAPIDS DR,,"Integration, Citysourced App",9/24/2019 9:10,CLOSED,2465983.13,7103537.723,33.14551674,-96.8745002,FRISCO PD,,,,9/16/2019 12:00,,,9/16/2019 12:00
517156,9/14/2019 11:12,Neighborhood Traffic Issue,11400 BLACKHAWK DR,,"Integration, Citysourced App",9/24/2019 9:09,CLOSED,2469251.941,7113269.816,33.17212358,-96.86332588,FRISCO PD,,,9/14/2019 12:00,9/16/2019 12:00,,,9/16/2019 12:00
518113,9/17/2019 9:48,Neighborhood Traffic Issue,13800 MILLTOWN DR,75033,Staff,,IP,2467071.174,7121156.101,33.19389023,-96.87005254,,,,,,,,
518670,9/18/2019 10:48,Neighborhood Traffic Issue,2400 FALCON POINT DR,,"Integration, Citysourced App",9/24/2019 9:09,CLOSED,2467475.997,7112735.586,33.17073129,-96.86915661,FRISCO PD,,,9/18/2019 12:00,9/24/2019 9:09,,9/24/2019 9:09,9/24/2019 9:09
518776,9/18/2019 3:10,Neighborhood Traffic Issue,East side of John W Elliott Dr. (Parking),,Staff,10/10/2019 11:46,CLOSED,2479716.667,7111500.565,33.16680848,-96.8292203,SIGN,NO - RESIDENT / OTHER,,6/28/2019 15:03,,,,
518784,9/18/2019 3:21,Neighborhood Traffic Issue,2100 CROWBRIDGE DR,,"Integration, Citysourced App",9/24/2019 9:05,CLOSED,2466650.502,7109694.181,33.16240792,-96.87200824,FRISCO PD,,,9/18/2019 12:00,9/24/2019 12:00,,9/24/2019 12:00,9/24/2019 12:00
519309,9/19/2019 2:58,Neighborhood Traffic Issue,8100 TOWER RD,,"Integration, Citysourced App",9/24/2019 9:02,CLOSED,2491950.844,7104282.046,33.14642916,-96.7896271,FRISCO PD,,,9/19/2019 12:00,9/24/2019 12:00,,9/24/2019 12:00,9/24/2019 12:00
519835,9/22/2019 11:16,Neighborhood Traffic Issue,8000 BOBWHITE DR,,"Integration, Citysourced App",10/21/2019 4:13,CLOSED,2484348.705,7105368.869,33.14975373,-96.81440578,STREET LIGHTING,NO - RESIDENT / OTHER,,9/22/2019 12:00,10/8/2019 12:00,,9/25/2019 12:00,10/8/2019 12:00
520640,9/24/2019 2:49,Neighborhood Traffic Issue,CASSION DR,75034,Staff,2/12/2020 11:22,CLOSED,2472355.207,7102168.468,33.14148095,-96.85375326,SIGN,NO - RESIDENT / OTHER,,9/19/2019 12:00,9/20/2019 12:00,,9/20/2019 12:00,2/12/2020 11:21
521590,9/27/2019 12:10,Neighborhood Traffic Issue,7500 WILLIAMS AVE,,"Integration, Citysourced App",1/9/2020 4:03,CLOSED,2482429.516,7106200.648,33.15212414,-96.82063243,VISIBILITY RESTRICTIONS,NO - RESIDENT / OTHER,,9/27/2019 12:00,10/8/2019 12:00,,10/8/2019 12:00,
521706,9/27/2019 7:50,Neighborhood Traffic Issue,5500 FM 423 Lebanon&Dustwhirl,,"Integration, Citysourced App",1/22/2020 2:44,CLOSED,2461975.275,7096611.743,33.12665197,-96.88794082,SIGN,NO - RESIDENT / OTHER,,9/27/2019 12:00,10/8/2019 12:00,,10/8/2019 12:00,1/22/2020 14:43
522058,9/30/2019 2:38,Neighborhood Traffic Issue,Red Cedar and Hillcrest (School issue),,Staff,,OPEN,2493765.625,7105684.636,33.15020246,-96.78362349,SCHOOL CIRCULATION,,,9/18/2019 11:29,,,,
522083,9/30/2019 3:30,Neighborhood Traffic Issue,Fisher Dr and Rogers Rd (school circulation),,Staff,,OPEN,2485046.875,7111603.95,33.1668584,-96.81179744,SCHOOL CIRCULATION,,,9/18/2019 16:41,,,,
522088,9/30/2019 3:46,Neighborhood Traffic Issue,12200 KENNEDALE DR,,Staff,,OPEN,2478601.823,7116399.262,33.18031995,-96.83260918,MISCELLANEOUS,,,9/19/2019 8:58,,,,
522183,10/1/2019 9:19,Neighborhood Traffic Issue,Ohio and Stone Crest (No Parking Signs),,Staff,,IP,2489000,7088127.387,33.10216379,-96.80012132,SIGN,,,9/20/2019 13:51,,,,
522258,10/1/2019 11:40,Neighborhood Traffic Issue,Kara Creek Rd & Bannock Rd (Stop Sign),,Staff,,OPEN,2462154.167,7104765.408,33.14905297,-96.88694757,SIGN,,,9/28/2019 12:37,,,,
522269,10/1/2019 12:00,Neighborhood Traffic Issue,7800 TWIN FALLS DR,75036,Staff,10/21/2019 4:13,CLOSED,2464684.275,7102800.389,33.14354551,-96.87878064,SIGN,,,9/3/2019 12:00,9/3/2019 12:00,,9/3/2019 12:00,9/4/2019 12:00
522421,10/1/2019 7:29,Neighborhood Traffic Issue,11700 CORSICANA DR,,"Integration, Citysourced App",,IP,2495900.728,7114902.936,33.1754403,-96.77615377,SPEEDING,NO - RESIDENT / OTHER,,10/1/2019 12:00,10/8/2019 12:00,,10/8/2019 12:00,
522424,10/1/2019 8:49,Neighborhood Traffic Issue,9200 IVY BRIDGE LN,,"Integration, Citysourced App",10/21/2019 4:11,CLOSED,2502793.059,7106449.078,33.15189445,-96.754089,FRISCO PD,NO - RESIDENT / OTHER,,10/1/2019 12:00,10/8/2019 12:00,,10/8/2019 12:00,10/8/2019 12:00
522510,10/2/2019 9:20,Neighborhood Traffic Issue,3600 RUSTIC RIDGE RD,,"Integration, Citysourced App",10/25/2019 4:45,CLOSED,2492636.119,7090664.789,33.10897494,-96.78811334,MISCELLANEOUS,,,10/2/2019 12:00,10/8/2019 12:00,10/8/2019 12:00,10/8/2019 12:00,10/25/2019 16:44
522694,10/2/2019 2:47,Neighborhood Traffic Issue,1100 RANCH GATE LN,,"Integration, Citysourced App",1/28/2020 11:34,CLOSED,2463790.452,7094306.899,33.1202409,-96.88212798,SCHOOL CIRCULATION,NO - RESIDENT / OTHER,,10/2/2019 12:00,10/21/2019 12:00,,10/21/2019 12:00,1/28/2020 11:34
522708,10/2/2019 3:29,Neighborhood Traffic Issue,10300 TORINO DR,75035,Staff,,IP,2501375.103,7110311.858,33.16257489,-96.75851239,SIGN,NO - RESIDENT / OTHER,,9/10/2019 12:00,9/10/2019 12:00,9/12/2019 12:00,9/12/2019 12:00,
522798,10/2/2019 4:58,Neighborhood Traffic Issue,1600 HIGH SHOALS DR,75036,Staff,1/27/2020 10:24,CLOSED,2465234.83,7102769.554,33.14343741,-96.87698361,CROSSING GUARD,NO - RESIDENT / OTHER,,9/19/2019 12:00,9/20/2019 12:00,,,
523516,10/7/2019 8:39,Neighborhood Traffic Issue,VM Heartwood Ln (Stop sign request),,Staff,1/9/2020 5:02,CLOSED,2477218.75,7118170.139,33.18524699,-96.8370377,SIGN,,,10/7/2019 6:45,,,,
524056,10/8/2019 2:48,Neighborhood Traffic Issue,2500 ELDORADO PKWY,,"Integration, Citysourced App",10/21/2019 4:12,CLOSED,2467986.983,7115453.559,33.17817916,-96.86734873,SCHOOL ZONE,NO - RESIDENT / OTHER,,10/8/2019 12:00,10/14/2019 11:52,,10/14/2019 11:52,10/14/2019 11:52
524111,10/8/2019 4:39,Neighborhood Traffic Issue,900 HIGHLAND HILLS DR,,"Integration, Citysourced App",10/25/2019 4:36,CLOSED,2458967.28,7094986.613,33.12231212,-96.89784661,FRISCO PD,NO - RESIDENT / OTHER,,10/8/2019 12:00,10/14/2019 12:01,10/14/2019 12:01,10/14/2019 12:02,10/25/2019 12:00
524220,10/9/2019 11:40,Neighborhood Traffic Issue,4300 LEGACY DR,,"Integration, Citysourced App",10/21/2019 4:12,CLOSED,2476911.094,7092799.363,33.11553506,-96.83935413,FRISCO PD,NO - RESIDENT / OTHER,,10/9/2019 12:00,10/14/2019 12:00,,10/14/2019 12:00,10/14/2019 12:00
524529,10/10/2019 11:14,Neighborhood Traffic Issue,11700 Meridian (speeding in alley),,Staff,,OPEN,2496081.25,7097347.657,33.12718629,-96.77650512,SPEEDING,,,10/1/2019 15:06,,,,
525318,10/15/2019 9:56,Neighborhood Traffic Issue,10700 NASHVILLE DR,,"Integration, Citysourced App",10/16/2019 4:36,CLOSED,2493128.026,7093462.098,33.11664061,-96.78635799,,,,,,,,
525319,10/15/2019 9:57,Neighborhood Traffic Issue,10600 NASHVILLE DR,,"Integration, Citysourced App",10/21/2019 3:46,CLOSED,2492962.237,7093476.968,33.11668891,-96.78689863,FRISCO PD,NO - RESIDENT / OTHER,,10/15/2019 12:00,,,,10/21/2019 15:46
525330,10/15/2019 10:24,Neighborhood Traffic Issue,7800 ASHCROFT LN,,"Integration, Citysourced App",,IP,2471319.007,7102807.045,33.14328051,-96.85710566,CROSSWALK,,,10/15/2019 12:00,10/21/2019 12:00,,10/21/2019 15:51,
526002,10/17/2019 1:58,Neighborhood Traffic Issue,VM - Blue Moon Dr & Silverado Trail (Crossing Guard),,Staff,10/21/2019 3:57,CLOSED,2516322.917,7109398.763,33.15937493,-96.70972166,CROSSING GUARD,,,10/17/2019 8:18,10/21/2019 12:00,,10/21/2019 12:00,10/21/2019 12:00
526022,10/17/2019 2:45,Neighborhood Traffic Issue,VM - Independence & Kelmscot (cones blocking road),,Staff,,OPEN,2503856.771,7098640.408,33.13038587,-96.75103852,,,,,,,,
526257,10/19/2019 1:01,Neighborhood Traffic Issue,6000 PRESTON RD,,"Integration, Citysourced App",10/30/2019 1:51,CLOSED,2487399.202,7097621.767,33.12832787,-96.8048481,ROAD WIDENING,NO - RESIDENT / OTHER,,10/19/2019 12:00,10/21/2019 12:00,,10/21/2019 16:11,10/21/2019 12:00
526816,10/22/2019 2:56,Neighborhood Traffic Issue,VM - Marina Point Ct & Anthem Drive (Painted Curbs),,Staff,1/9/2020 5:09,CLOSED,2455318.75,7104716.45,33.14920489,-96.9092818,SIGN,,,10/22/2019 14:37,10/22/2019 16:45,,10/22/2019 16:45,
526818,10/22/2019 2:59,Neighborhood Traffic Issue,VM - Marina Point Ct & Anthem Drive (Painted Curbs),,Staff,10/22/2019 3:07,CLOSED,2455318.75,7104716.45,33.14920489,-96.9092818,,,,,,,,
527086,10/23/2019 5:04,Neighborhood Traffic Issue,VM - Autumnwood Dr Alley (speeding),,Staff,,IP,2489989.583,7098645.617,33.1310265,-96.79633302,SPEEDING,NO - RESIDENT / OTHER,,10/23/2019 17:06,10/24/2019 13:51,,10/24/2019 13:51,
527903,10/28/2019 2:28,Neighborhood Traffic Issue,10800 Cooperwood (speeding in alley),,Staff,,OPEN,2493285.104,7106338.182,33.15202012,-96.78515852,SPEEDING,,10/27/2019 13:16,10/28/2019 14:35,,,,
527939,10/28/2019 2:47,Neighborhood Traffic Issue,VM - 4000 Veneto (re-routed traffic),,Staff,11/7/2019 3:49,CLOSED,2472003.125,7113855.89,33.17361613,-96.85430528,MISCELLANEOUS,,10/28/2019 12:55,10/28/2019 14:53,10/28/2019 16:31,,10/28/2019 16:31,10/28/2019 16:31
528021,10/28/2019 4:28,Neighborhood Traffic Issue,4400 VENETO DR (Speed),75033,Staff,,IP,2473187.163,7113951.115,33.1738268,-96.85043102,SPEEDING,NO - RESIDENT / OTHER,10/28/2019 12:00,10/28/2019 12:00,10/28/2019 12:00,,10/28/2019 12:00,
528255,10/29/2019 1:30,Neighborhood Traffic Issue,8400 PRESCOTT CIR,,"Integration, Citysourced App",11/4/2019 4:47,CLOSED,2485904.718,7111342.812,33.16610281,-96.80900802,FRISCO PD,NO - RESIDENT / OTHER,10/29/2019 12:00,,11/4/2019 12:00,,11/4/2019 16:47,11/4/2019 16:47
529407,11/1/2019 11:43,Neighborhood Traffic Issue,VM - Shaddock Creek (Crossing Guard),,Staff,2/12/2020 11:23,CLOSED,2471591.237,7112457.581,33.16979096,-96.85572284,CROSSING GUARD,NO - RESIDENT / OTHER,11/1/2019 8:14,11/1/2019 11:45,11/4/2019 16:41,11/4/2019 16:41,11/4/2019 16:41,2/12/2020 11:22
529892,11/4/2019 12:06,Neighborhood Traffic Issue,VM - Passionflower Rd & Hollyhock Rd (crosswalk),,Staff,2/10/2020 2:58,CLOSED,2466450.521,7127933.245,33.21254188,-96.8717379,CROSSWALK,NO - RESIDENT / OTHER,11/4/2019 9:06,11/4/2019 12:08,11/4/2019 16:36,,11/4/2019 16:36,2/6/2020 12:00
531523,11/7/2019 7:13,Neighborhood Traffic Issue,6500 LEGACY DR,,"Integration, Citysourced App",2/12/2020 11:24,CLOSED,2473787.824,7099060.554,33.13287779,-96.84923279,MISCELLANEOUS,NO - RESIDENT / OTHER,,,11/11/2019 17:05,,11/11/2019 17:05,2/12/2020 11:24
532013,11/11/2019 10:01,Neighborhood Traffic Issue,VM - Little River Dr & Teel Pkwy (crossing guard),,Staff,,IP,2467446.813,7122448.311,33.19742551,-96.86875909,CROSSING GUARD,NO - RESIDENT / OTHER,11/9/2019 19:34,11/11/2019 10:03,,,,
532034,11/11/2019 10:18,Neighborhood Traffic Issue,VM - Little River Dr (crosswalk & crossing guard),,Staff,,IP,2466679.688,7122363.182,33.19722427,-96.87127102,CROSSING GUARD,NO - RESIDENT / OTHER,11/9/2019 18:48,11/11/2019 10:20,,,,
532842,11/13/2019 9:12,Neighborhood Traffic Issue,VM - Parkwood & Chapel Creek Pkwy (School Zone Sign),,Staff,11/15/2019 3:44,CLOSED,2482740.104,7097951.723,33.12944038,-96.8200487,SCHOOL ZONE,NO - RESIDENT / OTHER,11/12/2019 14:10,11/13/2019 9:13,11/14/2019 16:27,,11/14/2019 16:27,11/15/2019 10:00
533891,11/15/2019 3:40,Neighborhood Traffic Issue,5500 NORFOLK LN,75035,"Integration, Citysourced App",11/15/2019 4:10,CLOSED,2497704.985,7096023.061,33.12347265,-96.77127288,CROSSING GUARD,NO - RESIDENT / OTHER,11/15/2019 15:40,11/15/2019 15:40,11/15/2019 16:05,,11/15/2019 16:05,11/15/2019 16:07
533893,11/15/2019 3:42,Neighborhood Traffic Issue,5100 PLANTATION LN,75035,"Integration, Citysourced App",11/19/2019 3:00,CLOSED,2495424.781,7095072.365,33.12096282,-96.77877105,FRISCO PD,NO - RESIDENT / OTHER,11/15/2019 12:00,,11/19/2019 14:59,,11/19/2019 14:59,11/19/2019 14:59
533922,11/16/2019 11:16,Neighborhood Traffic Issue,4500 CONNEMARA DR,75034,"Integration, Citysourced App",11/19/2019 3:03,CLOSED,2473766.113,7093078.525,33.11643849,-96.84961071,FRISCO PD,NO - RESIDENT / OTHER,11/16/2019 12:00,,11/19/2019 15:02,,11/19/2019 15:02,11/19/2019 15:02
533924,11/16/2019 5:55,Neighborhood Traffic Issue,1400 GLENEAGLE LN,75036,"Integration, Citysourced App",11/19/2019 3:05,CLOSED,2464513.78,7104979.454,33.14954141,-96.87922779,FRISCO PD,NO - RESIDENT / OTHER,11/16/2019 12:00,,11/19/2019 15:05,,11/19/2019 15:05,11/19/2019 15:05
535605,11/22/2019 8:55,Neighborhood Traffic Issue,VM - Clark Dr & Stonebrook (School Traffic),,Staff,,IP,2468250,7098939.495,33.13278295,-96.86732799,SCHOOL CIRCULATION,NO - RESIDENT / OTHER,11/21/2019 15:24,11/22/2019 8:58,11/22/2019 15:55,,11/22/2019 15:55,
536070,11/25/2019 1:11,Neighborhood Traffic Issue,100 MILL POND DR,75034,"Integration, Citysourced App",,IP,2485967.499,7092136.144,33.11331538,-96.8098127,SIGN,,11/25/2019 12:00,,12/13/2019 10:03,,12/13/2019 10:03,
536101,11/25/2019 2:08,Neighborhood Traffic Issue,9800 NORTH COUNTY RD,75033,"Integration, Citysourced App",12/6/2019 4:05,CLOSED,2482399.032,7108107.479,33.15736591,-96.82063243,FRISCO PD,,11/25/2019 12:00,,12/6/2019 16:05,,,12/6/2019 16:05
536653,11/29/2019 9:44,Neighborhood Traffic Issue,1900 DEXTER LN,75036,"Integration, Citysourced App",12/6/2019 4:08,CLOSED,2455328.662,7099825.245,33.13576205,-96.90949137,FRISCO PD,,11/29/2019 12:00,,12/6/2019 16:08,,,12/6/2019 16:08
537586,12/4/2019 2:33,Neighborhood Traffic Issue,Independence & Sheffield,75035,"Integration, Citysourced App",,OPEN,2503820.462,7111543.202,33.16584721,-96.75045518,,,,,,,,
538080,12/4/2019 8:35,Neighborhood Traffic Issue,1500 IDLEWILD DR,75036,"Integration, Citysourced App",12/6/2019 4:12,CLOSED,2464744.967,7104380.332,33.14788505,-96.87850269,FRISCO PD,,12/4/2019 12:00,,12/6/2019 16:11,,,12/6/2019 16:11
538193,12/5/2019 9:17,Neighborhood Traffic Issue,VM - Independence High School (auto/pedestrian incidents),,Staff,12/5/2019 3:45,CLOSED,2503225,7110953.557,33.16425398,-96.75243298,CROSSWALK,NO - RESIDENT / OTHER,12/4/2019 22:54,12/4/2019 15:03,12/4/2019 16:00,,12/4/2019 16:00,12/4/2019 16:10
538201,12/5/2019 9:28,Neighborhood Traffic Issue,VM - Independence High School (auto/pedestrian incidents) ,,Staff,12/5/2019 3:48,CLOSED,2503225,7110953.557,33.16425398,-96.75243298,CROSSWALK,NO - RESIDENT / OTHER,12/4/2019 13:16,12/4/2019 15:05,12/4/2019 16:00,,12/4/2019 16:00,12/4/2019 16:05
539200,12/9/2019 10:52,Neighborhood Traffic Issue,VM - Torino Dr along Yucca Ridge Park (Speeding),,Staff,,IP,2501352.083,7110739.495,33.16375117,-96.75856444,SPEEDING,NO - RESIDENT / OTHER,12/6/2019 18:02,12/9/2019 10:54,12/11/2019 12:00,,12/11/2019 12:00,
539749,12/10/2019 3:24,Neighborhood Traffic Issue,1600 DOUBLE FALLS DR,75036,"Integration, Citysourced App",12/18/2019 5:11,CLOSED,2465190.872,7102798.321,33.14351833,-96.87712577,FRISCO PD,,12/10/2019 12:00,,12/18/2019 17:10,,12/18/2019 17:11,12/18/2019 17:11
539900,12/11/2019 6:09,Neighborhood Traffic Issue,100 MILL POND DR,75034,"Integration, Citysourced App",2/24/2020 3:50,CLOSED,2485236.526,7092288.173,33.1137655,-96.81219187,ROAD WIDENING,,12/11/2019 12:00,,12/13/2019 9:58,,12/13/2019 9:58,12/13/2019 9:58
540779,12/12/2019 4:16,Neighborhood Traffic Issue,12500 DALLAS PKWY,75033,"Integration, Citysourced App",1/9/2020 5:00,CLOSED,2476850.239,7117304.026,33.18288273,-96.83828692,PARKING,,12/12/2019 12:00,,12/18/2019 17:19,,12/16/2019 12:00,12/18/2019 17:19
541203,12/13/2019 4:17,Neighborhood Traffic Issue,VM - Timber Ridge Dr & Trailside Dr (4-way stop sign),,Staff,,IP,2469040.285,7097715.494,33.12938527,-96.8648088,SIGN,NO - RESIDENT / OTHER,12/13/2019 14:44,12/13/2019 16:19,12/18/2019 17:26,,12/18/2019 17:26,
541214,12/13/2019 4:49,Neighborhood Traffic Issue,Oak and N. County (speeding),,Staff,,OPEN,2482421.354,7105751.511,33.15089016,-96.82068255,,,,,,,,
541345,12/16/2019 9:03,Neighborhood Traffic Issue,VM - Hunters Parkway (Traffic Study),,Staff,,OPEN,2505598.438,7099702.494,33.13322489,-96.74529176,SPEEDING,NO - RESIDENT / OTHER,12/15/2019 10:15,12/16/2019 9:08,,,,
541654,12/16/2019 3:38,Neighborhood Traffic Issue,VM - Bendbrook Dr & Hunters Pkwy (stop sign),,Staff,,OPEN,2505683.333,7099841.578,33.13360323,-96.74500686,SIGN,NO - RESIDENT / OTHER,12/16/2019 14:27,12/16/2019 15:40,,,,
544100,12/30/2019 11:42,Neighborhood Traffic Issue,Independence High School (Crosswalks),,Staff,,OPEN,2503856.771,7111079.078,33.16457004,-96.7503618,,,,,,,,
544112,12/30/2019 12:06,Neighborhood Traffic Issue,Christopher & Covey Point (all way stop),,Staff,,OPEN,2506955.729,7113354.577,33.1706813,-96.74011119,SIGN,NO - RESIDENT / OTHER,12/20/2019 13:29,12/20/2019 13:29,1/8/2020 12:00,1/9/2020 12:00,1/8/2020 12:00,
544121,12/30/2019 12:18,Neighborhood Traffic Issue,Shepton Lane & Crystal Beach Lane (all way stop),,Staff,,OPEN,2505680.208,7110173.848,33.16199867,-96.74445303,SIGN,NO - RESIDENT / OTHER,12/20/2019 13:29,12/20/2019 13:29,1/8/2020 12:00,1/9/2020 12:00,1/8/2020 12:00,
544410,12/31/2019 8:31,Neighborhood Traffic Issue,7500 PARKBROOK DR,75034,"Integration, Citysourced App",1/9/2020 4:28,CLOSED,2483906.126,7102302.546,33.14134623,-96.8160123,FRISCO PD,,12/31/2019 12:00,,1/6/2020 9:42,,1/6/2020 9:42,1/6/2020 9:42
544465,12/31/2019 9:09,Neighborhood Traffic Issue,1400 FOREST OAKS CT,75036,"Integration, Citysourced App",1/22/2020 12:42,CLOSED,2464630.148,7106309.282,33.1531912,-96.87878055,VISIBILITY RESTRICTIONS,,12/31/2019 12:00,,1/6/2020 9:48,,1/6/2020 9:48,
544659,1/1/2020 3:15,Neighborhood Traffic Issue,5400 PLANTATION LN,75035,"Integration, Citysourced App",2/12/2020 11:43,CLOSED,2495674.056,7095775.124,33.12288294,-96.7779193,SPEEDING,,1/1/2020 12:00,,1/6/2020 11:18,,1/6/2020 11:18,2/12/2020 11:43
545188,1/3/2020 9:24,Neighborhood Traffic Issue,5600 PLANTATION LN,75035,"Integration, Citysourced App",1/9/2020 4:27,CLOSED,2495697.281,7096334.719,33.1244198,-96.77781348,FRISCO PD,,1/3/2020 12:00,,1/6/2020 9:18,,1/6/2020 9:18,1/6/2020 9:18
545451,1/4/2020 12:32,Neighborhood Traffic Issue,5800 MAIN ST,75034,"Integration, Citysourced App",1/22/2020 12:42,CLOSED,2477845.67,7106060.307,33.15193895,-96.83561581,FRISCO PD,,1/4/2020 12:00,,1/6/2020 9:13,,1/6/2020 9:13,1/6/2020 9:14
546812,1/9/2020 2:08,Neighborhood Traffic Issue,VM - Citywide (HOA signs),,Staff,1/9/2020 4:26,CLOSED,2478218.75,7105187.91,33.14952513,-96.8344421,SIGN,NO - RESIDENT / OTHER,1/6/2020 21:46,1/6/2020 14:23,1/6/2020 12:00,,1/6/2020 12:00,1/6/2020 12:00
546842,1/9/2020 2:25,Neighborhood Traffic Issue,VM - 8500 Moraine Drive (Accident),75034,Staff,2/7/2020 3:58,CLOSED,2486045.312,7101498.588,33.13904231,-96.80906642,MISCELLANEOUS,NO - RESIDENT / OTHER,1/8/2020 15:10,1/9/2020 14:28,1/16/2020 12:00,,1/17/2020 12:00,2/6/2020 12:00
547349,1/13/2020 8:42,Neighborhood Traffic Issue,VM - Nichols Elementary (Crossing Guard),,Staff,1/22/2020 12:41,CLOSED,2466179.688,7101737.932,33.14056207,-96.87394907,CROSSING GUARD,NO - RESIDENT / OTHER,1/13/2020 19:41,1/13/2020 8:46,1/13/2020 16:53,,1/13/2020 16:53,1/13/2020 16:53
550393,1/23/2020 2:31,Neighborhood Traffic Issue,VM - Bright Elementary School (Crossing Guard),,Staff,1/23/2020 2:44,CLOSED,2485117.188,7101836.89,33.14001307,-96.81208052,CROSSING GUARD,NO - RESIDENT / OTHER,1/23/2020 7:39,1/23/2020 14:34,1/23/2020 14:44,,1/23/2020 14:44,1/23/2020 14:44
550396,1/23/2020 2:43,Neighborhood Traffic Issue,9900 STANCIL LN,75035,"Integration, Citysourced App",1/24/2020 4:44,CLOSED,2489975.752,7116504.392,33.18010717,-96.79543162,FRISCO PD,,1/23/2020 12:00,,1/24/2020 12:00,,1/24/2020 12:00,1/24/2020 12:00
550629,1/24/2020 9:47,Neighborhood Traffic Issue,6300 HUNTERS PKWY,75035,"Integration, Citysourced App",1/24/2020 4:44,CLOSED,2505417.01,7098659.54,33.13036695,-96.74594126,FRISCO PD,,1/24/2020 12:00,,1/24/2020 12:00,,1/24/2020 12:00,1/24/2020 12:00
550807,1/25/2020 9:37,Neighborhood Traffic Issue,8600 NICHOLSON DR,75036,"Integration, Citysourced App",1/27/2020 3:36,CLOSED,2468758.254,7105326.636,33.1503148,-96.86534314,FRISCO PD,,1/25/2020 12:00,,1/27/2020 15:35,,1/27/2020 15:35,1/27/2020 15:36
551261,1/27/2020 11:32,Neighborhood Traffic Issue,Ruth Borchardt (west side parking),,Staff,2/10/2020 3:00,CLOSED,2490877.604,7093101.973,33.11575157,-96.79372656,PARKING,,1/27/2020 12:00,,1/27/2020 16:12,,1/27/2020 16:12,2/5/2020 12:00
551623,1/28/2020 8:54,Neighborhood Traffic Issue,600 ROCKLEDGE CT,75036,"Integration, Citysourced App",,OPEN,2459329.466,7103259.448,33.14503304,-96.89625117,,,,,,,,
552441,1/30/2020 3:40,Neighborhood Traffic Issue,Turnbridge Manor Subdivision (speed limit signs),,Staff,,OPEN,2504244.792,7097703.535,33.12779337,-96.74982211,,,,,,,,
552532,1/31/2020 9:30,Neighborhood Traffic Issue,VM - Heather Ridge Estates (signs),,Staff,2/5/2020 2:54,CLOSED,2469197.917,7108437.91,33.15884659,-96.86374839,SIGN,NO - RESIDENT / OTHER,1/30/2020 15:19,1/30/2020 16:56,1/30/2020 12:00,,1/30/2020 12:00,1/30/2020 12:00
553772,2/5/2020 4:01,Neighborhood Traffic Issue,12400 ORCHID DR,75035,"Integration, Citysourced App",2/6/2020 3:21,CLOSED,2504016.908,7117010.137,33.18086246,-96.74951558,FRISCO PD,,2/5/2020 12:00,,2/6/2020 12:00,,2/6/2020 12:00,2/6/2020 12:00
553781,2/5/2020 7:09,Neighborhood Traffic Issue,6300 HUNTERS PKWY,75035,"Integration, Citysourced App",2/20/2020 3:23,CLOSED,2505416.129,7098705.348,33.13049288,-96.74594164,PARKING,,2/5/2020 12:00,,2/6/2020 12:00,,2/6/2020 12:00,2/12/2020 11:33
554395,2/10/2020 1:03,Neighborhood Traffic Issue,3200 CEDAR CREEK TRL,75034,"Integration, Citysourced App",2/12/2020 11:41,CLOSED,2469804.198,7101897.03,33.14084456,-96.86210065,FRISCO PD,,2/10/2020 12:00,,2/12/2020 11:41,,2/12/2020 11:41,2/12/2020 11:41
554956,2/11/2020 12:46,Neighborhood Traffic Issue,6300 FM 423,75036,"Integration, Citysourced App",2/12/2020 11:38,CLOSED,2462235.304,7098285.078,33.1312398,-96.88700758,FRISCO PD,,2/11/2020 12:00,,2/12/2020 11:37,,2/12/2020 11:37,2/12/2020 11:37
555100,2/12/2020 10:30,Neighborhood Traffic Issue,test ignore,,Staff,,OPEN,,,,,,,,,,,,
555771,2/14/2020 3:45,Neighborhood Traffic Issue,VM - Fairwater Subdivision (Gate Public Sidewalk),,Staff,,IP,2469048.055,7090044.039,33.10830163,-96.86517339,MISCELLANEOUS,NO - RESIDENT / OTHER,2/12/2020 16:05,2/14/2020 15:48,2/14/2020 12:00,,2/14/2020 12:00,
556520,2/19/2020 9:23,Neighborhood Traffic Issue,1400 COLDSTONE DR,75034,"Integration, Citysourced App",2/20/2020 3:23,CLOSED,2464789.948,7093251.287,33.11729743,-96.87891684,FRISCO PD,,2/19/2020 12:00,,2/20/2020 12:00,,2/20/2020 12:00,2/20/2020 12:00
556698,2/19/2020 5:41,Neighborhood Traffic Issue, SOUTHERN HILLS CT,75034,"Integration, Citysourced App",,COMPLETE,2476245.03,7086400.843,33.09797908,-96.84185922,MISCELLANEOUS,,2/20/2020 12:00,,2/20/2020 12:00,,2/20/2020 15:33,2/20/2020 15:33
557990,2/25/2020 6:47,Neighborhood Traffic Issue,300 MAIN ST,75036,"Integration, Citysourced App",2/28/2020 11:25,CLOSED,2461531.879,7106076.645,33.15268285,-96.88891492,PARKING,,2/25/2020 12:00,,2/28/2020 11:26,,2/28/2020 11:26,2/28/2020 11:26
558012,2/26/2020 7:43,Neighborhood Traffic Issue,6600 GARRETT RIVER RD,75036,"Integration, Citysourced App",,OPEN,2466635.315,7098971.128,33.13293874,-96.87260068,,,,,,,,
558101,2/26/2020 10:45,Neighborhood Traffic Issue,VM - Hosp Elementary School (student drop off),,Staff,,IP,2463741.307,7094205.967,33.11996559,-96.88229356,SCHOOL CIRCULATION,NO - RESIDENT / OTHER,2/26/2020 8:30,2/26/2020 10:47,2/26/2020 16:38,,2/26/2020 16:38,
558200,2/26/2020 2:21,Neighborhood Traffic Issue,12100 GRAYHAWK BLVD,75033,"Integration, Citysourced App",,OPEN,2464869.253,7115536.327,33.17853938,-96.87753372,,,,,,,,
558391,2/27/2020 8:49,Neighborhood Traffic Issue,5400 BROOKHILL LN,75034,"Integration, Citysourced App",,OPEN,2468195.121,7095638.389,33.12371294,-96.86767481,,,,,,,,
558691,2/28/2020 6:01,Neighborhood Traffic Issue,4600 VENETO DR,75033,"Integration, Citysourced App",,OPEN,2474285.953,7113783.632,33.17331904,-96.84684883,,,,,,,,
558761,2/28/2020 9:06,Neighborhood Traffic Issue,600 ROCKLEDGE CT,75036,"Integration, Citysourced App",,OPEN,2459382.515,7103290.989,33.1451175,-96.89607629,,,,,,,,
