,,,,,,,,,,,,,,,,,,
,RequestId,Date Initiated,Description,Address,Zip Code,Initiated By,Date Time Closed,Status,X Coordinate,Y Coordinate,Request Type,Proactive,Initiated by Resident,Received by Engineer,Resident Contacted,On Hold Pending Other Action,Date In Progress,Date Complete
,278146,04/18/2016 08:12,Neighborhood Traffic Issue,10500 MAIN ST,75035,Staff,10/26/2017 12:38,CLOSED,2492067.67000000,7106597.99000000,,,,,,,,
,278262,04/19/2016 08:25,Neighborhood Traffic Issue,ROGERS RD,75033,Staff,05/10/2016 10:48,CLOSED,2485012.45000000,7114795.42000000,,,,,,,,
,278307,04/19/2016 11:41,Neighborhood Traffic Issue,CHAPEL CREEK PKWY & PARKWOOD BLVD, 75034,Staff,05/10/2016 10:54,CLOSED,2482666.07000000,7097942.94000000,,,,,,,,
,278919,04/26/2016 01:57,Neighborhood Traffic Issue,W STONEBROOK PKWY & MAST DR, 75034,Staff,05/24/2016 03:59,CLOSED,2452730.94000000,7101731.10000000,,,,,,,,
,278924,04/26/2016 02:12,Neighborhood Traffic Issue,BOOKER TRL & SPRING HILL DR, 75035,Staff,06/10/2016 09:36,CLOSED,2506591.38000000,7118495.12000000,,,,,,,,
,278929,04/26/2016 02:44,Neighborhood Traffic Issue,BEACON HILL DR,75034,Staff,04/26/2016 03:29,CLOSED,2464060.41000000,7097251.53000000,,,,,,,,
,283396,06/9/2016 01:01,Neighborhood Traffic Issue,PARKWOOD BLVD & GAYLORD PKWY, 75034,Staff,05/30/2017 09:46,CLOSED,2484083.90000000,7087822.10000000,,,,,,,,
,284373,06/10/2016 02:10,Neighborhood Traffic Issue,IDA DR,75033,Staff,06/17/2016 02:13,CLOSED,2469342.09000000,7115764.19000000,,,,,,,,
,283743,06/13/2016 02:21,Neighborhood Traffic Issue,10300 CALVERY CT,75035,Staff,10/9/2018 03:46,CLOSED,2507618.02000000,7110276.42000000,,,,,,,,
,286690,07/8/2016 08:45,Neighborhood Traffic Issue,LEGACY DR & WARREN PKWY, 75034,Staff,09/27/2017 12:41,CLOSED,2476281.48000000,7089647.72000000,,,,,,,,
,288277,07/21/2016 12:36,Neighborhood Traffic Issue,LAKEHILL BLVD & COMPASS DR, 75034,Staff,05/30/2017 09:53,CLOSED,2475114.19000000,7090698.97000000,,,,,,,,
,289422,08/1/2016 08:51,Neighborhood Traffic Issue,CAMERON RD & CAMFIELD RD, 75033,Staff,05/30/2017 10:08,CLOSED,2486467.21000000,7108538.55000000,,,,,,,,
,291739,08/17/2016 12:25,Neighborhood Traffic Issue,STONEBROOK PKWY & LEGACY DR, 75034,Staff,05/30/2017 10:00,CLOSED,2473955.04000000,7098977.81000000,,,,,,,,
,292146,08/22/2016 08:31,Neighborhood Traffic Issue,OHIO DR & GAYLORD PKWY,75035,Staff,05/30/2017 10:23,CLOSED,2488790.34300000,7089316.81200000,,,,,,,,
,292471,08/23/2016 04:01,Neighborhood Traffic Issue,DELFORD DR,75033,Staff,02/15/2018 02:37,CLOSED,2470285.44000000,7107306.28000000,,,,,,,,
,293401,08/30/2016 10:47,Neighborhood Traffic Issue,LOST CREEK DR,75033,Staff,08/30/2018 09:53,CLOSED,2474575.85000000,7118299.96000000,,,,,,,,
,294456,09/8/2016 03:06,Neighborhood Traffic Issue,W STONEBROOK PKWY & ANTHEM DR, 75034,Staff,09/28/2017 10:00,CLOSED,2455090.16000000,7102365.58000000,,,,,,,,
,308638,01/4/2017 04:06,Neighborhood Traffic Issue,Dominion of Panther Creek,,Staff,10/9/2018 04:11,CLOSED,2491760.07000000,7116210.82000000,,,,,,,,
,306870,01/4/2017 04:49,Neighborhood Traffic Issue,MILAM CREEK DR,75035,Staff,09/27/2017 02:13,CLOSED,2505426.12000000,7116763.54000000,,,,,,,,
,307820,01/11/2017 05:18,Neighborhood Traffic Issue,RIO BLANCO DR,75033,Staff,09/18/2017 04:00,CLOSED,2465071.64000000,7107089.18000000,,,,,,,,
,308861,01/20/2017 01:53,Neighborhood Traffic Issue,IZABELLA CT,75033,Staff,09/27/2017 02:28,CLOSED,2468686.43300000,7119494.56400000,,,,,,,,
,308862,01/20/2017 01:56,Neighborhood Traffic Issue,HAVERFORD DR & MARK LN,75034,Staff,05/19/2017 10:58,CLOSED,2475772.31100000,7093540.79800000,,,,,,,,
,314639,03/9/2017 02:29,Neighborhood Traffic Issue,TEEL PKWY & HIGH SHOALS DR,75036,Staff,09/12/2017 02:54,CLOSED,2468970.66300000,7103010.03300000,,,,,,,,
,314654,03/9/2017 03:01,Neighborhood Traffic Issue,FM 423 & STONEBROOK PKWY,75036,Staff,05/19/2017 10:54,CLOSED,2460909.64300000,7103105.90000000,,,,,,,,
,318009,04/3/2017 08:27,Neighborhood Traffic Issue,6300 PITCHFORK RANCH DR,75034,Staff,02/15/2018 02:43,CLOSED,2463173.06000000,7098727.78000000,,,,,,,,
,334809,04/12/2017 01:42,Neighborhood Traffic Issue,Carraway Drive,,Staff,07/25/2017 01:50,CLOSED,2466206.31000000,7092945.50000000,,,,,,,,
,322456,05/4/2017 12:12,Neighborhood Traffic Issue,MOSSY CV,75034,Staff,09/28/2017 12:14,CLOSED,2454171.71000000,7102758.73000000,,,,,,,,
,330649,05/11/2017 01:47,Neighborhood Traffic Issue,CHAPEL CREEK PKWY & BROOKHOLLOW BLVD, 75034,Staff,08/28/2019 02:59,CLOSED,2484542.76000000,7099695.24000000,SIGN,,,5/11/2017 12:00:00 PM,6/14/2017 12:00:00 PM,,5/11/2017 12:00:00 PM,8/7/2019 12:00:00 PM
,323916,05/15/2017 09:23,Neighborhood Traffic Issue,MEADOW HILL DR & PRESTON RD, 75033,Staff,08/27/2018 03:15,CLOSED,2487677.08000000,7110298.62000000,,,,,,,,
,325415,05/24/2017 12:34,Neighborhood Traffic Issue,MIDNIGHT MOON DR & LONE ROCK RD, 75034,Staff,06/27/2017 09:56,CLOSED,2465418.15000000,7097050.43000000,,,,,,,,
,325863,05/26/2017 04:29,Neighborhood Traffic Issue,6200 FOREFRONT AVE,,"Integration, Citysourced",05/30/2017 10:09,CLOSED,2463622.41000000,7098290.91000000,,,,,,,,
,325864,05/26/2017 04:34,Neighborhood Traffic Issue,6200 FOREFRONT AVE,,"Integration, Citysourced",05/26/2017 05:03,CLOSED,2463538.82000000,7098252.14000000,,,,,,,,
,327322,06/6/2017 10:34,Neighborhood Traffic Issue,2300 STOCKTON LN,,"Integration, Citysourced",06/6/2017 02:22,CLOSED,2467340.84000000,7104311.40000000,,,,,,,,
,329191,06/19/2017 01:17,Neighborhood Traffic Issue,Andy's Custard - Custer Rd and Eldorado Pkwy,,"Integration, Citysourced",10/9/2018 04:18,CLOSED,2508623.64000000,7114576.14000000,,,,,,,,
,329420,06/20/2017 12:35,Neighborhood Traffic Issue,6800 GAYLORD PKWY,,"Integration, Citysourced",06/26/2017 03:06,CLOSED,2481353.24000000,7087566.97000000,,,,,,,,
,329456,06/20/2017 04:12,Neighborhood Traffic Issue,11900 DEL RIO DR,,"Integration, Citysourced",09/12/2017 10:26,CLOSED,2496260.40000000,7115268.46000000,,,,,,,,
,330133,06/24/2017 04:24,Neighborhood Traffic Issue,12800 KILTARTAN DR,,"Integration, Citysourced",09/11/2017 11:01,CLOSED,2488090.17000000,7117726.66000000,,,,,,,,
,330735,06/29/2017 07:16,Neighborhood Traffic Issue,9800 WAKE BRIDGE DR,,"Integration, Citysourced",06/29/2017 10:51,CLOSED,2490426.69200000,7095737.28800000,,,,,,,,
,330736,06/29/2017 07:19,Neighborhood Traffic Issue,10100 WAKE BRIDGE DR,,"Integration, Citysourced",06/29/2017 10:51,CLOSED,2491321.25000000,7095743.45000000,,,,,,,,
,330737,06/29/2017 07:24,Neighborhood Traffic Issue,10400 JOY DR,,"Integration, Citysourced",06/29/2017 10:51,CLOSED,2492302.84500000,7095425.02900000,,,,,,,,
,332730,07/3/2017 03:49,Neighborhood Traffic Issue,30 Painted Rock CT,,Staff,09/11/2017 10:53,CLOSED,2467219.98000000,7120910.21000000,,,,,,,,
,331732,07/6/2017 10:11,Neighborhood Traffic Issue,1400 WITT RD,,"Integration, Citysourced",07/12/2017 04:30,CLOSED,2458262.61000000,7106355.00000000,,,,,,,,
,331861,07/6/2017 02:27,Neighborhood Traffic Issue,2800 NETWORK BLVD,,"Integration, Citysourced",07/10/2017 09:07,CLOSED,2480708.09000000,7088369.23000000,,,,,,,,
,332024,07/7/2017 10:58,Neighborhood Traffic Issue,3900 JOHNSON ST,,"Integration, Citysourced",07/13/2017 11:49,CLOSED,2472195.67000000,7093744.76000000,,,,,,,,
,333080,07/14/2017 07:10,Neighborhood Traffic Issue,900 TOUCHSTONE RD,,"Integration, Citysourced",07/17/2017 11:35,CLOSED,2463221.27000000,7095053.26000000,,,,,,,,
,333667,07/18/2017 01:59,Neighborhood Traffic Issue,18000 FM 423,,"Integration, Citysourced",07/25/2017 06:13,CLOSED,2463813.95000000,7128145.79000000,,,,,,,,
,333893,07/19/2017 01:30,Neighborhood Traffic Issue,Neighborhoods around Wester & Gunstream schools,,Staff,08/27/2018 03:16,CLOSED,2496482.26000000,7102927.75000000,,,,,,,,
,334373,07/21/2017 04:46,Neighborhood Traffic Issue,11300 CEDAR SPRINGS DR,,"Integration, Citysourced",07/26/2017 01:43,CLOSED,2494473.04000000,7119108.79000000,,,,,,,,
,334384,07/21/2017 11:19,Neighborhood Traffic Issue,11900 CAPE ROYAL LN,,"Integration, Citysourced",07/25/2017 06:16,CLOSED,2468370.11000000,7115410.50000000,,,,,,,,
,334654,07/24/2017 06:49,Neighborhood Traffic Issue,6500 SCOTTSDALE WAY,,"Integration, Citysourced",07/26/2017 10:38,CLOSED,2477010.90000000,7098428.90000000,,,,,,,,
,335089,07/27/2017 09:21,Neighborhood Traffic Issue,Stonebryck Manor neighborhood(s),,Staff,01/16/2019 02:21,CLOSED,2493773.05000000,7101007.58000000,,,,,,,,
,335914,08/1/2017 04:58,Neighborhood Traffic Issue,Stonebrook & Babbling Brook,,Staff,08/1/2017 05:03,CLOSED,2469383.33000000,7099033.85000000,,,,,,,,
,335916,08/1/2017 05:06,Neighborhood Traffic Issue,Stonebrook & Babbling Brook,,Staff,08/1/2017 05:18,CLOSED,2469385.42000000,7099040.10000000,,,,,,,,
,335927,08/1/2017 10:21,Neighborhood Traffic Issue,6000 WALLIS DR,,"Integration, Citysourced",08/2/2017 07:22,CLOSED,2478780.02600000,7115731.20200000,,,,,,,,
,335928,08/1/2017 10:44,Neighborhood Traffic Issue,7000 BRAMBLEBUSH DR,,"Integration, Citysourced",08/2/2017 07:39,CLOSED,2481338.95100000,7113796.84900000,,,,,,,,
,336141,08/2/2017 01:38,Neighborhood Traffic Issue,3300 PANTHER CREEK PKWY,75033,"Integration, Citysourced",08/2/2017 02:53,CLOSED,2470656.93900000,7119992.49200000,,,,,,,,
,336490,08/3/2017 03:30,Neighborhood Traffic Issue,5900 ALL STARS AVE,75033,"Integration, Citysourced",08/3/2017 03:50,CLOSED,2478387.95000000,7110414.30800000,,,,,,,,
,337254,08/8/2017 04:40,Neighborhood Traffic Issue,11500 FRONTIER DR,,"Integration, Citysourced",09/14/2017 09:53,CLOSED,2465774.81500000,7113910.30800000,,,,,,,,
,337463,08/9/2017 05:17,Neighborhood Traffic Issue,6th & Walnut,,Staff,,IP,2481925.86000000,7106240.06000000,,,,,,,,
,337464,08/9/2017 05:26,Neighborhood Traffic Issue,5th Street,,Staff,,IP,2481569.09000000,7106299.95000000,,,,,,,,
,337828,08/11/2017 12:57,Neighborhood Traffic Issue,9000 PRESTON VINEYARD DR,,"Integration, Citysourced",12/5/2017 08:23,CLOSED,2487691.75000000,7099646.68700000,,,,,,,,
,338322,08/15/2017 10:39,Neighborhood Traffic Issue,13700 ALLEGHENY DR,,"Integration, Citysourced",09/1/2018 12:03,CLOSED,2501418.38000000,7112929.53900000,,,,,,,,
,338430,08/15/2017 08:57,Neighborhood Traffic Issue,1000 ANGEL FALLS DR,,"Integration, Citysourced",08/16/2017 11:00,CLOSED,2463432.53700000,7103942.79900000,,,,,,,,
,338458,08/16/2017 09:42,Neighborhood Traffic Issue,6800 JOHN HICKMAN PKWY,75034,"Integration, Citysourced",08/16/2017 02:03,CLOSED,2480847.93900000,7093179.18300000,,,,,,,,
,339179,08/21/2017 10:39,Neighborhood Traffic Issue,400 OLD NEWMAN RD 1,,"Integration, Citysourced",02/20/2018 01:33,CLOSED,2461233.11300000,7104970.77100000,,,,,,,,
,339295,08/22/2017 07:50,Neighborhood Traffic Issue,4800 TEXOMA DR,,"Integration, Citysourced",10/9/2018 03:03,CLOSED,2474586.63800000,7118286.93400000,,,,,,,,
,339695,08/23/2017 04:24,Neighborhood Traffic Issue,Lebanon & Compass,,Staff,02/15/2018 03:31,CLOSED,2474663.46000000,7092521.30000000,,,,,,,,
,339699,08/23/2017 04:39,Neighborhood Traffic Issue,N. County & All Stars,,Staff,08/28/2019 03:41,CLOSED,2482405.65000000,7110370.26000000,SIGN,NO - RESIDENT / OTHER,,8/23/2019 12:00:00 PM,,,,8/28/2019 12:00:00 PM
,339775,08/24/2017 09:17,Neighborhood Traffic Issue,2300 QUIET OAK LN,,"Integration, Citysourced",08/24/2017 10:37,CLOSED,2467560.30000000,7097685.55000000,,,,,,,,
,339781,08/24/2017 09:35,Neighborhood Traffic Issue,7700 AMBERDALE LN,,"Integration, Citysourced",08/24/2017 11:08,CLOSED,2469011.59400000,7103046.37200000,,,,,,,,
,339782,08/24/2017 09:35,Neighborhood Traffic Issue,6800 PECAN CHASE LN,,"Integration, Citysourced",08/24/2017 01:16,CLOSED,2467903.79400000,7099951.55100000,,,,,,,,
,339821,08/24/2017 11:20,Neighborhood Traffic Issue,7700 AMBERDALE LN,,"Integration, Citysourced",08/24/2017 01:39,CLOSED,2469007.19600000,7103014.28300000,,,,,,,,
,339837,08/24/2017 12:11,Neighborhood Traffic Issue,7700 AMBERDALE LN,,"Integration, Citysourced",08/24/2017 01:23,CLOSED,2469009.53600000,7103021.23300000,,,,,,,,
,339896,08/24/2017 02:34,Neighborhood Traffic Issue,3000 STONEBROOK PKWY,,"Integration, Citysourced",10/9/2018 04:23,CLOSED,2469129.92000000,7098749.51100000,,,,,,,,
,339934,08/24/2017 04:34,Neighborhood Traffic Issue,3007 BAINBRIDGE LN,,"Integration, Citysourced",08/30/2017 09:03,CLOSED,2469404.12100000,7099286.84300000,,,,,,,,
,340185,08/25/2017 03:13,Neighborhood Traffic Issue,Honey Grove Drive,,Staff,10/18/2017 09:33,CLOSED,2495697.92000000,7118682.70000000,,,,,,,,
,340224,08/25/2017 06:25,Neighborhood Traffic Issue,2900 FAYETTE TRL,,"Integration, Citysourced",08/28/2017 09:18,CLOSED,2469213.53000000,7101322.61100000,,,,,,,,
,341030,08/30/2017 03:43,Neighborhood Traffic Issue,6300 PLUM CREEK DR,,"Integration, Citysourced",09/15/2017 02:14,CLOSED,2466673.02600000,7098280.90000000,,,,,,,,
,341325,08/31/2017 03:48,Neighborhood Traffic Issue,6300 PLUM CREEK DR,,"Integration, Citysourced",09/5/2017 11:27,CLOSED,2466654.78300000,7098252.96300000,,,,,,,,
,341344,08/31/2017 05:12,Neighborhood Traffic Issue,7200 LEBANON RD,75034,"Integration, Citysourced",09/1/2017 10:44,CLOSED,2482166.74900000,7095881.91500000,,,,,,,,
,341493,09/1/2017 03:38,Neighborhood Traffic Issue,6300 PLUM CREEK DR,,"Integration, Citysourced",09/5/2017 11:29,CLOSED,2466651.86100000,7098283.48300000,,,,,,,,
,341494,09/1/2017 03:42,Neighborhood Traffic Issue,6300 PLUM CREEK DR,,"Integration, Citysourced",09/5/2017 11:28,CLOSED,2466618.81300000,7098302.25600000,,,,,,,,
,341498,09/1/2017 03:46,Neighborhood Traffic Issue,6300 PLUM CREEK DR,,"Integration, Citysourced",09/5/2017 11:29,CLOSED,2466654.82900000,7098250.05300000,,,,,,,,
,341499,09/1/2017 04:13,Neighborhood Traffic Issue,6300 PLUM CREEK DR,,"Integration, Citysourced",09/5/2017 11:30,CLOSED,2466663.90400000,7098257.10700000,,,,,,,,
,341507,09/1/2017 05:35,Neighborhood Traffic Issue,TEEL PKWY & BENSON DR,75034,Staff,03/9/2018 02:33,CLOSED,2467633.22000000,7098424.83000000,,,,,,,,
,341985,09/6/2017 02:26,Neighborhood Traffic Issue,FM 423 & Rockhill,,Staff,09/6/2017 02:32,CLOSED,2463817.71000000,7127310.31000000,,,,,,,,
,342277,09/8/2017 12:16,Neighborhood Traffic Issue,Saturina Drive,,Staff,11/13/2017 09:56,CLOSED,2503031.01000000,7110222.20000000,,,,,,,,
,342722,09/11/2017 02:24,Neighborhood Traffic Issue,Benson and Teel,75034,Staff,03/9/2018 02:31,CLOSED,2467725.79000000,7098438.62000000,,,,,,,,
,342905,09/12/2017 11:36,Neighborhood Traffic Issue,14400 ELDORADO PKWY,,"Integration, Citysourced",09/12/2017 10:03,CLOSED,2503843.72200000,7114661.76100000,,,,,,,,
,343005,09/12/2017 04:56,Neighborhood Traffic Issue,Oleander Drive,,Staff,09/13/2017 05:45,CLOSED,2501370.31000000,7114095.20000000,,,,,,,,
,343648,09/16/2017 09:35,Neighborhood Traffic Issue,3100 BAINBRIDGE LN,,"Integration, Citysourced",09/1/2018 12:06,CLOSED,2469854.12900000,7099189.79100000,,,,,,,,
,343748,09/18/2017 09:38,Neighborhood Traffic Issue,2000 CEDAR RANCH RD,75034,Staff,09/29/2017 03:06,CLOSED,2466659.41000000,7098253.65000000,,,,,,,,
,344004,09/19/2017 08:07,Neighborhood Traffic Issue,4700 PANTHER CREEK PKWY,75033,"Integration, Citysourced",09/26/2017 04:22,CLOSED,2474348.06600000,7119780.85900000,,,,,,,,
,344090,09/19/2017 12:32,Neighborhood Traffic Issue,HILLCREST RD & CANOE RD,75035,Staff,,IP,2493976.37000000,7104114.35000000,,,,,,,,
,344156,09/19/2017 08:13,Neighborhood Traffic Issue,4700 STONEBROOK PKWY,75034,"Integration, Citysourced",10/4/2017 11:21,CLOSED,2474499.55000000,7099051.51900000,,,,,,,,
,344479,09/21/2017 02:11,Neighborhood Traffic Issue,1300 SUNLAND PARK DR,,"Integration, Citysourced",03/9/2018 02:47,CLOSED,2464313.17800000,7113307.35800000,,,,,,,,
,344526,09/21/2017 05:33,Neighborhood Traffic Issue,4500 COTTON GIN RD,75034,"Integration, Citysourced",10/13/2017 03:14,CLOSED,2474055.04800000,7103820.31900000,,,,,,,,
,344801,09/25/2017 10:22,Neighborhood Traffic Issue,6900 THISTLEWOOD LN,75034,Staff,09/1/2018 12:13,CLOSED,2468916.62000000,7100135.90000000,,,,,,,,
,345141,09/26/2017 02:09,Neighborhood Traffic Issue,Shepherds Hill Neighborhood,,Staff,09/1/2018 12:21,CLOSED,2497187.50000000,7103393.64000000,,,,,,,,
,345536,09/28/2017 02:48,Neighborhood Traffic Issue,5300 DALLAS PKWY,75034,"Integration, Citysourced",10/19/2017 02:17,CLOSED,2482116.17500000,7095693.71600000,,,,,,,,
,345846,10/2/2017 08:46,Neighborhood Traffic Issue,12500 HARVEST MEADOW DR,,"Integration, Citysourced",02/20/2018 10:43,CLOSED,2474202.87500000,7117300.99200000,,,,,,,,
,346067,10/2/2017 09:08,Neighborhood Traffic Issue,12000 TYLER DR,,"Integration, Citysourced",03/21/2018 11:20,CLOSED,2496812.42100000,7117395.48000000,,,,,,,,
,346203,10/3/2017 01:43,Neighborhood Traffic Issue,1100 RANCH GATE LN,75034,Staff,10/5/2017 11:49,CLOSED,2463835.08000000,7094421.32000000,,,,,,,,
,346464,10/4/2017 11:46,Neighborhood Traffic Issue,Havenbrook & Summer Star,,Staff,,IP,2464034.32000000,7095822.15000000,,,,,,,,
,346513,10/4/2017 01:55,Neighborhood Traffic Issue,Spruce PIne Trail,,Staff,02/26/2018 09:38,CLOSED,2501974.42000000,7115051.32000000,,,,,,,,
,346535,10/4/2017 02:12,Neighborhood Traffic Issue,Nichols Trl & Flat Creek,,Staff,02/20/2018 11:01,CLOSED,2466175.23000000,7101723.18000000,,,,,,,,
,347370,10/10/2017 09:35,Neighborhood Traffic Issue,Cotton Gin Road,,Staff,10/10/2017 09:39,CLOSED,2475127.60000000,7103807.70000000,,,,,,,,
,347543,10/10/2017 03:50,Neighborhood Traffic Issue,14700 CRYSTAL BEACH LN,,"Integration, Citysourced",02/16/2018 11:46,CLOSED,2504641.06700000,7110096.76100000,,,,,,,,
,348179,10/12/2017 04:19,Neighborhood Traffic Issue,9700 DOWNBROOK DR,75033,Staff,06/4/2019 01:26,CLOSED,2463392.00000000,7108238.16000000,,,,,,,,
,348406,10/13/2017 02:42,Neighborhood Traffic Issue,THOMPSON CIR,75033,Staff,02/16/2018 11:49,CLOSED,2487380.57000000,7108777.69000000,,,,,,,,
,348444,10/13/2017 04:31,Neighborhood Traffic Issue,6300 NORWOOD DR,,"Integration, Citysourced",10/16/2017 10:49,CLOSED,2479319.23000000,7098666.10000000,,,,,,,,
,349084,10/17/2017 03:12,Neighborhood Traffic Issue,Kings Ridge Road,,Staff,09/1/2018 12:40,CLOSED,2491168.23000000,7105009.27000000,,,,,,,,
,349091,10/17/2017 03:41,Neighborhood Traffic Issue,2300 QUIET OAK LN,,"Integration, Citysourced",10/18/2017 02:14,CLOSED,2467625.76100000,7097689.11300000,,,,,,,,
,349125,10/17/2017 05:11,Neighborhood Traffic Issue,2300 QUIET OAK LN,,"Integration, Citysourced",10/18/2017 02:18,CLOSED,2467630.56700000,7097675.36100000,,,,,,,,
,349126,10/17/2017 05:23,Neighborhood Traffic Issue,2440 TIMBER RIDGE DR,,"Integration, Citysourced",10/18/2017 02:25,CLOSED,2467657.47900000,7097756.19200000,,,,,,,,
,349127,10/17/2017 05:29,Neighborhood Traffic Issue,6100 BAKER VALLEY RD,,"Integration, Citysourced",10/18/2017 02:29,CLOSED,2464706.12000000,7097838.22900000,,,,,,,,
,349128,10/17/2017 05:39,Neighborhood Traffic Issue,2300 QUIET OAK LN,,"Integration, Citysourced",10/18/2017 02:32,CLOSED,2467630.43700000,7097683.72700000,,,,,,,,
,349129,10/17/2017 05:40,Neighborhood Traffic Issue,2500 HIDDEN KNOLL TRL,,"Integration, Citysourced",10/18/2017 02:36,CLOSED,2467671.07900000,7097685.25800000,,,,,,,,
,349130,10/17/2017 05:51,Neighborhood Traffic Issue,2300 QUIET OAK LN,,"Integration, Citysourced",10/18/2017 02:39,CLOSED,2467604.44400000,7097701.51700000,,,,,,,,
,349131,10/17/2017 05:54,Neighborhood Traffic Issue,5600 BROOKHILL LN,,"Integration, Citysourced",10/18/2017 02:44,CLOSED,2468207.02600000,7096357.30100000,,,,,,,,
,349132,10/17/2017 05:55,Neighborhood Traffic Issue,2400 TIMBER RIDGE DR,,"Integration, Citysourced",10/18/2017 02:46,CLOSED,2467814.60400000,7097850.32600000,,,,,,,,
,349133,10/17/2017 06:33,Neighborhood Traffic Issue,2300 QUIET OAK LN,,"Integration, Citysourced",10/18/2017 02:49,CLOSED,2467630.26200000,7097695.00400000,,,,,,,,
,349135,10/17/2017 08:32,Neighborhood Traffic Issue,2300 QUIET OAK LN,,"Integration, Citysourced",10/18/2017 02:51,CLOSED,2467625.90800000,7097679.65500000,,,,,,,,
,349136,10/17/2017 08:33,Neighborhood Traffic Issue,1700 SADDLE TREE RD,,"Integration, Citysourced",10/18/2017 02:53,CLOSED,2465411.36300000,7097688.29200000,,,,,,,,
,349138,10/17/2017 09:28,Neighborhood Traffic Issue,2300 QUIET OAK LN,,"Integration, Citysourced",10/18/2017 02:55,CLOSED,2467621.17000000,7097689.04200000,,,,,,,,
,349139,10/17/2017 09:43,Neighborhood Traffic Issue,2300 QUIET OAK LN,,"Integration, Citysourced",10/18/2017 02:57,CLOSED,2467632.01700000,7097654.05700000,,,,,,,,
,349141,10/17/2017 10:25,Neighborhood Traffic Issue,2300 QUIET OAK LN,,"Integration, Citysourced",10/18/2017 02:59,CLOSED,2467623.24000000,7097693.44000000,,,,,,,,
,349142,10/17/2017 10:39,Neighborhood Traffic Issue,6300 BEAR LAKE RD,,"Integration, Citysourced",04/2/2019 01:44,CLOSED,2466385.55400000,7098280.81400000,,,,,,,,
,349143,10/17/2017 10:45,Neighborhood Traffic Issue,2400 TIMBER RIDGE DR,,"Integration, Citysourced",10/18/2017 03:02,CLOSED,2467651.19000000,7097707.70100000,,,,,,,,
,349144,10/17/2017 11:07,Neighborhood Traffic Issue,2300 QUIET OAK LN,,"Integration, Citysourced",10/18/2017 03:07,CLOSED,2467625.80100000,7097686.56600000,,,,,,,,
,349145,10/17/2017 11:34,Neighborhood Traffic Issue,2300 QUIET OAK LN,,"Integration, Citysourced",10/18/2017 03:10,CLOSED,2467632.86300000,7097685.22100000,,,,,,,,
,349146,10/18/2017 12:19,Neighborhood Traffic Issue,4200LIVE SPRINGS RD,,"Integration, Citysourced",10/26/2017 02:13,CLOSED,2461775.47100000,7092103.47200000,,,,,,,,
,349147,10/18/2017 12:50,Neighborhood Traffic Issue,6400 MOUNTAIN SKY RD,,"Integration, Citysourced",10/18/2017 03:12,CLOSED,2464169.94300000,7098818.21300000,,,,,,,,
,349230,10/18/2017 09:44,Neighborhood Traffic Issue,2300 QUIET OAK LN,,"Integration, Citysourced",10/18/2017 03:14,CLOSED,2467630.26200000,7097695.00400000,,,,,,,,
,349232,10/18/2017 09:51,Neighborhood Traffic Issue,2800 GREENWAY DR,,"Integration, Citysourced",10/18/2017 03:25,CLOSED,2468951.09000000,7094778.42200000,,,,,,,,
,349304,10/18/2017 12:46,Neighborhood Traffic Issue,5800 LONE ROCK RD,,"Integration, Citysourced",10/18/2017 04:05,CLOSED,2465544.24400000,7096796.33200000,,,,,,,,
,349320,10/18/2017 01:43,Neighborhood Traffic Issue,2300 QUIET OAK LN,,"Integration, Citysourced",10/20/2017 02:02,CLOSED,2467621.19300000,7097687.58600000,,,,,,,,
,349385,10/18/2017 08:34,Neighborhood Traffic Issue,TEEL PKWY & TIMBER RIDGE DR,75034,"Integration, Citysourced",10/25/2017 08:18,CLOSED,2467595.24000000,7097688.18000000,,,,,,,,
,349386,10/18/2017 08:50,Neighborhood Traffic Issue,6400 FIRE CREEK TRL,,"Integration, Citysourced",10/19/2017 08:57,CLOSED,2465694.18000000,7098880.68000000,,,,,,,,
,349387,10/18/2017 09:08,Neighborhood Traffic Issue,2300 QUIET OAK LN,,"Integration, Citysourced",10/19/2017 09:00,CLOSED,2467625.86900000,7097682.20100000,,,,,,,,
,349390,10/18/2017 10:23,Neighborhood Traffic Issue,2300 QUIET OAK LN,,"Integration, Citysourced",10/19/2017 09:02,CLOSED,2467622.73300000,7097684.66600000,,,,,,,,
,349391,10/18/2017 11:12,Neighborhood Traffic Issue,2300 QUIET OAK LN,,"Integration, Citysourced",10/19/2017 09:04,CLOSED,2467630.46000000,7097682.27200000,,,,,,,,
,349394,10/19/2017 03:22,Neighborhood Traffic Issue,6400 STALLION RANCH RD,,"Integration, Citysourced",10/19/2017 09:08,CLOSED,2465409.91800000,7098990.17500000,,,,,,,,
,349419,10/19/2017 08:28,Neighborhood Traffic Issue,2300 QUIET OAK LN,,"Integration, Citysourced",10/19/2017 09:34,CLOSED,2467634.96600000,7097687.80000000,,,,,,,,
,349421,10/19/2017 08:29,Neighborhood Traffic Issue,2500 HIDDEN KNOLL TRL,,"Integration, Citysourced",10/19/2017 09:38,CLOSED,2467696.22600000,7097634.17800000,,,,,,,,
,349453,10/19/2017 09:28,Neighborhood Traffic Issue,2300 QUIET OAK LN,,"Integration, Citysourced",10/20/2017 02:19,CLOSED,2467618.23800000,7097690.81100000,,,,,,,,
,349540,10/19/2017 10:43,Neighborhood Traffic Issue,Teel & Timber Ridge,,Staff,10/19/2017 11:20,CLOSED,2467629.69000000,7097689.99000000,,,,,,,,
,349560,10/19/2017 10:56,Neighborhood Traffic Issue,2500 HIDDEN KNOLL TRL,,"Integration, Citysourced",10/20/2017 12:15,CLOSED,2467653.17400000,7097692.28700000,,,,,,,,
,349568,10/19/2017 11:07,Neighborhood Traffic Issue,2400 TIMBER RIDGE DR,,"Integration, Citysourced",10/20/2017 12:14,CLOSED,2467668.06100000,7097701.33900000,,,,,,,,
,349887,10/20/2017 11:35,Neighborhood Traffic Issue,2400 TIMBER RIDGE DR,,"Integration, Citysourced",10/20/2017 01:57,CLOSED,2467570.72400000,7097974.02300000,,,,,,,,
,349890,10/20/2017 11:43,Neighborhood Traffic Issue,Teel & Timber Ridge,75034,"Integration, Citysourced",10/25/2017 08:25,CLOSED,2467339.69600000,7098090.28600000,,,,,,,,
,350537,10/24/2017 01:47,Neighborhood Traffic Issue,2300 QUIET OAK LN,,"Integration, Citysourced",10/24/2017 02:30,CLOSED,2467604.58000000,7097686.79000000,,,,,,,,
,350559,10/24/2017 02:37,Neighborhood Traffic Issue,Chapel Creek Parkway,,Staff,08/28/2019 03:04,CLOSED,2482821.32000000,7097977.41000000,SIGN,,,11/24/2017 12:00:00 PM,11/24/2017 12:00:00 PM,,,8/28/2019 12:00:00 PM
,351123,10/26/2017 12:06,Neighborhood Traffic Issue,The Trails Pkwy & Lasso,,Staff,03/23/2018 04:56,CLOSED,2466843.75000000,7110160.31000000,,,,,,,,
,351128,10/26/2017 12:33,Neighborhood Traffic Issue,La Grange Drive,,Staff,02/16/2018 11:51,CLOSED,2494847.29000000,7115084.62000000,,,,,,,,
,351371,10/27/2017 12:16,Neighborhood Traffic Issue,14800 CHRISTOPHER LN,,"Integration, Citysourced",02/16/2018 11:54,CLOSED,2505237.94500000,7114418.87900000,,,,,,,,
,351468,10/27/2017 04:34,Neighborhood Traffic Issue,BRUCE DR & TEEL PKWY,75034,Staff,03/8/2018 01:48,CLOSED,2468960.74000000,7104054.87000000,,,,,,,,
,352620,11/3/2017 10:27,Neighborhood Traffic Issue,Custer & Big Horn,,Staff,12/18/2017 09:46,CLOSED,2509182.29000000,7110364.99000000,,,,,,,,
,353579,11/9/2017 01:30,Neighborhood Traffic Issue,Leg Iron Drive,,Staff,09/1/2018 12:46,CLOSED,2464994.66000000,7101935.64000000,,,,,,,,
,354115,11/13/2017 02:53,Neighborhood Traffic Issue,Hillcrest & Santiago,,Staff,03/6/2018 11:25,CLOSED,2493067.39000000,7121543.12000000,,,,,,,,
,354149,11/13/2017 10:03,Neighborhood Traffic Issue,Spruce Pine Trail,,Staff,08/23/2018 11:40,CLOSED,2501956.53000000,7115325.32000000,,,,,,,,
,354271,11/14/2017 11:31,Neighborhood Traffic Issue,Cinnabar at Rolater,,Staff,,IP,2492809.13000000,7101437.82000000,,,,,,,,
,355153,11/18/2017 04:12,Neighborhood Traffic Issue,12600 BELLE ISLE LN,,"Integration, Citysourced",03/9/2018 02:36,CLOSED,2478335.04800000,7117279.97800000,,,,,,,,
,355843,11/26/2017 08:02,Neighborhood Traffic Issue,10609 WILTON DR,,"Integration, Citysourced",12/5/2017 01:11,CLOSED,2492098.67400000,7116559.78700000,,,,,,,,
,357175,12/1/2017 12:18,Neighborhood Traffic Issue,2000 SAN ANDRES DR,,"Integration, Citysourced",12/1/2017 02:05,CLOSED,2466555.04400000,7115209.14600000,,,,,,,,
,358669,12/9/2017 11:48,Neighborhood Traffic Issue,3200 OHIO DR,75035,"Integration, Citysourced",12/11/2017 03:57,CLOSED,2488842.35000000,7089271.73300000,,,,,,,,
,358919,12/11/2017 03:02,Neighborhood Traffic Issue,Mammoth Cave Lane,,Staff,10/9/2018 04:24,CLOSED,2501114.83000000,7113139.17000000,,,,,,,,
,359291,12/13/2017 10:55,Neighborhood Traffic Issue,OLD ORCHARD DR,75033,Staff,04/16/2018 10:41,CLOSED,2466779.82500000,7107689.08900000,,,,,,,,
,359472,12/14/2017 09:25,Neighborhood Traffic Issue,Legacy & Avon Lane (school traffic),,Staff,04/2/2019 01:46,CLOSED,2473638.02000000,7110966.56000000,,,,,,,,
,359667,12/14/2017 03:57,Neighborhood Traffic Issue,Stonebrook & Red Rock Canyon (school related),,Staff,08/27/2018 03:28,CLOSED,2464383.12000000,7101181.72000000,,,,,,,,
,359758,12/15/2017 09:27,Neighborhood Traffic Issue,Teel & Bruce (school traffic),,Staff,08/3/2018 03:05,CLOSED,2468997.40000000,7104053.54000000,,,,,,,,
,363095,01/6/2018 01:52,Neighborhood Traffic Issue,2300 QUIET OAK LN,,"Integration, Citysourced",01/8/2018 02:44,CLOSED,2467624.88300000,7097687.29900000,,,,,,,,
,363097,01/6/2018 04:55,Neighborhood Traffic Issue,2000 TIMBER RIDGE DR,,"Integration, Citysourced",08/27/2018 03:30,CLOSED,2466733.86000000,7097629.20000000,,,,,,,,
,363100,01/7/2018 09:39,Neighborhood Traffic Issue,4700 TEEL PKWY,75034,"Integration, Citysourced",01/8/2018 03:04,CLOSED,2466671.47300000,7093699.50200000,,,,,,,,
,363425,01/8/2018 01:52,Neighborhood Traffic Issue,2300 QUIET OAK LN,,"Integration, Citysourced",01/8/2018 02:48,CLOSED,2467621.06000000,7097685.82000000,,,,,,,,
,363527,01/9/2018 08:43,Neighborhood Traffic Issue,1700 TIMBER RIDGE DR,,"Integration, Citysourced",02/9/2018 01:49,CLOSED,2465712.91600000,7097510.90800000,,,,,,,,
,363646,01/9/2018 01:51,Neighborhood Traffic Issue,8300 MEADOW GLADE,75035,Staff,02/15/2018 04:16,CLOSED,2495292.12300000,7104940.12500000,,,,,,,,
,363697,01/9/2018 06:44,Neighborhood Traffic Issue,2300 QUIET OAK LN,,"Integration, Citysourced",02/15/2018 09:51,CLOSED,2467631.32300000,7097692.65300000,,,,,,,,
,363900,01/10/2018 09:29,Neighborhood Traffic Issue,4700 CARNEGIE DR,,"Integration, Citysourced",03/9/2018 02:46,CLOSED,2474653.99700000,7092588.50100000,,,,,,,,
,367370,01/29/2018 04:12,Neighborhood Traffic Issue,Legacy & Texoma (Crossing Guard Request),,Staff,08/23/2018 11:45,CLOSED,2474353.79000000,7118125.35000000,,,,,,,,
,367379,01/29/2018 04:55,Neighborhood Traffic Issue,Legacy & Texoma (Crossing Guard Request),,Staff,10/9/2018 12:07,CLOSED,2474355.87000000,7118127.44000000,,,,,,,,
,367382,01/29/2018 05:03,Neighborhood Traffic Issue,Frisco Lakes & Bethpage (stop sign req.),,Staff,10/16/2018 10:27,CLOSED,2457502.16000000,7101042.45000000,,,,,,,,
,367729,01/31/2018 08:59,Neighborhood Traffic Issue,Bruce & Nicholson (school related),,Staff,08/3/2018 03:17,CLOSED,2468788.54000000,7104050.93000000,,,,,,,,
,368376,02/2/2018 11:21,Neighborhood Traffic Issue,Alley between Main St and Copperwood Dr,,Staff,03/6/2018 11:24,CLOSED,2492486.50000000,7106327.49000000,,,,,,,,
,368558,02/4/2018 04:06,Neighborhood Traffic Issue,1400 TRAIL VIEW LN,,"Integration, Citysourced",02/20/2018 11:12,CLOSED,2464670.81800000,7092866.43200000,,,,,,,,
,368886,02/5/2018 04:53,Neighborhood Traffic Issue,2700 TIMBER RIDGE DR,,"Integration, Citysourced",02/8/2018 09:41,CLOSED,2468478.00000000,7097854.22900000,,,,,,,,
,369374,02/8/2018 09:11,Neighborhood Traffic Issue,7400 QUIET MEADOW LN,,"Integration, Citysourced",03/9/2018 02:48,CLOSED,2482617.92900000,7110585.50300000,,,,,,,,
,369417,02/8/2018 10:15,Neighborhood Traffic Issue,Longhorn Trail (speeding),,Staff,09/1/2018 01:00,CLOSED,2477934.90000000,7099062.91000000,,,,,,,,
,369717,02/9/2018 10:10,Neighborhood Traffic Issue,6400 MAIN ST,,"Integration, Citysourced",02/9/2018 11:09,CLOSED,2479900.74000000,7106280.28000000,,,,,,,,
,371852,02/22/2018 04:46,Neighborhood Traffic Issue,Mediterrean & Corinth roundabout,,Staff,08/31/2018 10:03,CLOSED,2488826.04000000,7122848.85000000,,,,,,,,
,372084,02/23/2018 04:02,Neighborhood Traffic Issue,2000 CEDAR RANCH RD,75034,Staff,08/27/2018 03:32,CLOSED,2466664.97000000,7098253.73000000,,,,,,,,
,372622,02/27/2018 02:36,Neighborhood Traffic Issue,Hunters Parkway (cut-through & speeding),,Staff,04/9/2018 03:08,CLOSED,2505601.49000000,7099705.10000000,,,,,,,,
,372653,02/27/2018 07:59,Neighborhood Traffic Issue,2200 FOUNTAIN GLEN LN,,"Integration, Citysourced",03/9/2018 02:49,CLOSED,2466996.26800000,7105260.69000000,,,,,,,,
,373024,03/1/2018 11:25,Neighborhood Traffic Issue,1800 TIMBER RIDGE DR,,"Integration, Citysourced",03/9/2018 02:49,CLOSED,2465909.94600000,7097552.73600000,,,,,,,,
,374355,03/8/2018 03:02,Neighborhood Traffic Issue,Millstream & Rio Blanco (stop sign request),,Staff,03/8/2018 03:50,CLOSED,2465232.35000000,7107542.85000000,,,,,,,,
,374368,03/8/2018 03:40,Neighborhood Traffic Issue,Custer Rd & Custer Trail,,Staff,03/8/2018 03:49,CLOSED,2509164.06000000,7111130.62000000,,,,,,,,
,374385,03/8/2018 04:01,Neighborhood Traffic Issue,12300 BRIAR RIDGE RD,,"Integration, Citysourced",03/9/2018 02:49,CLOSED,2470677.02200000,7116469.59000000,,,,,,,,
,374558,03/9/2018 01:25,Neighborhood Traffic Issue,11800 TEEL PKWY,75033,Staff,08/28/2018 08:54,CLOSED,2468511.66000000,7114830.50000000,,,,,,,,
,374567,03/9/2018 01:53,Neighborhood Traffic Issue,Legacy & Throne Hall,,Staff,,OPEN,2473914.06000000,7108325.93000000,,,,,,,,
,376336,03/19/2018 02:01,Neighborhood Traffic Issue,McKinney Road (speeding),,Staff,,IP,2485154.17000000,7106406.66000000,,,,,,,,
,376427,03/19/2018 07:36,Neighborhood Traffic Issue,4100 LEGENDARY DR,,"Integration, Citysourced",,IP,2486167.19300000,7091823.84100000,,,,,,,,
,377650,03/23/2018 03:46,Neighborhood Traffic Issue,2000 TIMBER RIDGE DR,,"Integration, Citysourced",03/29/2018 01:13,CLOSED,2466748.61000000,7097544.62700000,,,,,,,,
,378666,03/28/2018 10:05,Neighborhood Traffic Issue,10200 BOWLING GREEN DR,,"Integration, Citysourced",03/29/2018 01:07,CLOSED,2491403.28000000,7116350.80800000,,,,,,,,
,379225,03/31/2018 11:26,Neighborhood Traffic Issue,3700 GUINN GATE DR,,"Integration, Citysourced",02/25/2019 03:20,CLOSED,2471498.56600000,7100952.28200000,,,,,,,,
,380788,04/7/2018 01:52,Neighborhood Traffic Issue,3200 BAINBRIDGE LN,,"Integration, Citysourced",08/3/2018 03:19,CLOSED,2470130.14400000,7099335.42800000,,,,,,,,
,381135,04/9/2018 03:13,Neighborhood Traffic Issue,Mountain Creek Trl & Valley Brook Dr (No Parking request),,Staff,08/3/2018 03:15,CLOSED,2507236.98000000,7101127.49000000,,,,,,,,
,381177,04/9/2018 06:08,Neighborhood Traffic Issue,5700 ELDORADO PKWY,,"Integration, Citysourced",08/3/2018 03:24,CLOSED,2477423.69200000,7114667.92400000,,,,,,,,
,382254,04/13/2018 04:44,Neighborhood Traffic Issue,Carlos Street (No Outlet request),,Staff,04/19/2018 04:22,CLOSED,2493225.52000000,7122771.77000000,,,,,,,,
,384513,04/24/2018 07:18,Neighborhood Traffic Issue,8400 BEARTOOTH DR,,"Integration, Citysourced",08/20/2018 12:54,CLOSED,2465380.94900000,7104470.51800000,,,,,,,,
,385273,04/27/2018 01:35,Neighborhood Traffic Issue,MOUNTAIN CREEK TRL & VALLEY BROOK DR,75035,Staff,08/3/2018 03:16,CLOSED,2507248.72000000,7101124.72000000,,,,,,,,
,385902,04/30/2018 04:33,Neighborhood Traffic Issue,5000 MAIN ST,,"Integration, Citysourced",08/28/2018 08:57,CLOSED,2475634.69500000,7106410.03300000,,,,,,,,
,386273,05/2/2018 11:08,Neighborhood Traffic Issue,Old Newman & Shakespeare (request to prohibit parking),,Staff,,IP,2462760.67000000,7104949.39000000,,,,,,,,
,386363,05/2/2018 03:53,Neighborhood Traffic Issue,Trailside Drive (No Parking request),,Staff,,IP,2469120.04000000,7096772.30000000,,,,,,,,
,386365,05/2/2018 04:08,Neighborhood Traffic Issue,Forest Manor Dr (No Pakring request),,Staff,,OPEN,2468687.75000000,7096897.30000000,,,,,,,,
,386869,05/4/2018 01:28,Neighborhood Traffic Issue,Fire lane behind Drury Inn (sight distance issue),,Staff,05/23/2018 11:24,CLOSED,2482508.59000000,7087669.34000000,,,,,,,,
,386957,05/5/2018 08:41,Neighborhood Traffic Issue,4600 FALLMEADOW DR,,"Integration, Citysourced",08/20/2018 12:47,CLOSED,2464654.86200000,7093529.09300000,,,,,,,,
,388606,05/14/2018 12:14,Neighborhood Traffic Issue,800 BONNEVILLE RD,,"Integration, Citysourced",06/4/2019 01:32,CLOSED,2463048.30800000,7103487.55000000,,,,,,,,
,388946,05/14/2018 01:27,Neighborhood Traffic Issue,Rogers Road (speeding),,Staff,,IP,2485052.08000000,7113044.68000000,,,,,,,,
,389370,05/15/2018 02:38,Neighborhood Traffic Issue,1500 IDLEWILD DR,,"Integration, Citysourced",04/9/2019 03:11,CLOSED,2464763.71000000,7104362.71700000,,,,,,,,
,391732,05/23/2018 03:40,Neighborhood Traffic Issue,Cajun & Coit (cars driving over curb & sidewalk),,Staff,,IP,2498517.68000000,7104740.61000000,,,,,,,,
,393056,05/29/2018 04:41,Neighborhood Traffic Issue,3000 BAINBRIDGE LN,,"Integration, Citysourced",08/23/2018 11:11,CLOSED,2469425.25800000,7099063.48900000,,,,,,,,
,394470,06/1/2018 04:59,Neighborhood Traffic Issue,Crest Court (No Parking request),,Staff,,IP,2479501.28000000,7084494.05000000,,,,,,,,
,396645,06/9/2018 04:34,Neighborhood Traffic Issue,1800 TIMBER RIDGE DR,,"Integration, Citysourced",10/17/2018 02:14,CLOSED,2465964.79000000,7097654.30200000,,,,,,,,
,399867,06/20/2018 10:28,Neighborhood Traffic Issue,Stonebrook & Anthem RRFB,,Staff,04/16/2019 02:22,CLOSED,2455645.83000000,7102508.22000000,,,,,,,,
,400207,06/21/2018 07:32,Neighborhood Traffic Issue,12200 ANGELO DR,,"Integration, Citysourced",08/20/2018 12:42,CLOSED,2494009.20200000,7116163.21200000,,,,,,,,
,400300,06/22/2018 09:59,Neighborhood Traffic Issue,6500 HONEYWOOD LN,,"Integration, Citysourced",10/17/2018 02:31,CLOSED,2462208.82500000,7098905.31900000,,,,,,,,
,400961,06/25/2018 01:39,Neighborhood Traffic Issue,"Blue Ridge, Barret and Coldwater (speeding)",,Staff,,IP,2466185.75000000,7115705.10000000,,,,,,,,
,405503,07/10/2018 02:36,Neighborhood Traffic Issue,13300 SULPHUR SPRINGS DR,,"Integration, Citysourced",08/20/2018 12:52,CLOSED,2495095.31400000,7119521.34300000,,,,,,,,
,408106,07/18/2018 03:56,Neighborhood Traffic Issue,Cotton Gin Road and Canal Street (speeding),,Staff,10/9/2018 11:23,CLOSED,2472937.50000000,7103843.69000000,,,,,,,,
,408401,07/19/2018 11:12,Neighborhood Traffic Issue,Stonebridge Drive (speeding),,Staff,,IP,2507946.88000000,7113095.72000000,,,,,,,,
,408462,07/19/2018 01:47,Neighborhood Traffic Issue,Stonebriar Country Club Estates (speeding),,Staff,07/19/2018 01:52,CLOSED,2473097.53000000,7083301.36000000,,,,,,,,
,408827,07/20/2018 01:59,Neighborhood Traffic Issue,11400 KINGSVILLE DR,,"Integration, Citysourced",08/20/2018 12:49,CLOSED,2494933.83400000,7116519.28900000,,,,,,,,
,408958,07/21/2018 07:33,Neighborhood Traffic Issue,10300 YORK DR,,"Integration, Citysourced",08/20/2018 12:28,CLOSED,2491509.61100000,7104027.41300000,,,,,,,,
,412100,08/1/2018 09:12,Neighborhood Traffic Issue,Backstretch Blvd (park & roundabout parking concerns),,Staff,03/22/2019 05:05,CLOSED,2462244.72000000,7098276.02000000,,,,,,,,
,413127,08/3/2018 01:49,Neighborhood Traffic Issue,Page Street (speeding),,Staff,08/3/2018 02:02,CLOSED,2478200.52000000,7105031.66000000,,,,,,,,
,415465,08/12/2018 12:20,Neighborhood Traffic Issue,4900 OAKHURST LN,,"Integration, Citysourced",08/20/2018 12:32,CLOSED,2475158.23400000,7093480.41100000,,,,,,,,
,415546,08/13/2018 08:58,Neighborhood Traffic Issue,DALLAS PKWY & WARREN PKWY,75034,Staff,09/6/2018 01:48,CLOSED,2481773.79000000,7089675.17000000,,,,,,,,
,416105,08/15/2018 12:12,Neighborhood Traffic Issue,Stonebrook & Reedy crosswalk,,Staff,08/23/2018 11:14,CLOSED,2469388.82000000,7099029.34000000,,,,,,,,
,416106,08/15/2018 12:20,Neighborhood Traffic Issue,Stonebrook & Reedy crosswalk,,Staff,08/15/2018 12:23,CLOSED,2469378.41000000,7099039.76000000,,,,,,,,
,416107,08/15/2018 12:26,Neighborhood Traffic Issue,Stonebrook & Reedy crosswalk,,Staff,08/15/2018 12:31,CLOSED,2469386.22000000,7099037.16000000,,,,,,,,
,416108,08/15/2018 12:34,Neighborhood Traffic Issue,Stonebrook & Reedy crosswalk,,Staff,08/15/2018 12:37,CLOSED,2469388.82000000,7099031.95000000,,,,,,,,
,416134,08/15/2018 08:51,Neighborhood Traffic Issue,4600 FLORENCE DR,,"Integration, Citysourced",10/17/2018 04:17,CLOSED,2474581.98100000,7091834.72000000,,,,,,,,
,416957,08/17/2018 09:47,Neighborhood Traffic Issue,7200 NICHOLS TRL,,"Integration, Citysourced",02/25/2019 03:06,CLOSED,2465970.91100000,7101320.29900000,,,,,,,,
,417784,08/21/2018 12:24,Neighborhood Traffic Issue,14000 MILL TOWN DR,,"Integration, Citysourced",08/31/2018 01:44,CLOSED,2466854.41900000,7121623.86000000,,,,,,,,
,418593,08/23/2018 04:08,Neighborhood Traffic Issue,Teel & High Shoals (crossing guard request),,Staff,08/23/2018 05:50,CLOSED,2469005.04000000,7103007.18000000,,,,,,,,
,419361,08/27/2018 04:48,Neighborhood Traffic Issue,9300 MIRROR FOUNTAIN CIR,,"Integration, Citysourced",08/31/2018 01:39,CLOSED,2472237.71300000,7107255.29700000,,,,,,,,
,420085,08/29/2018 01:54,Neighborhood Traffic Issue,Coit & Rolater (ped sign request),,Staff,08/29/2018 11:18,CLOSED,2498606.77000000,7101143.64000000,,,,,,,,
,420095,08/29/2018 02:04,Neighborhood Traffic Issue,Coit & Rolater (school concern),,Staff,08/29/2018 09:25,CLOSED,2498622.40000000,7101146.24000000,,,,,,,,
,420251,08/29/2018 08:59,Neighborhood Traffic Issue,11200 ASHLEY LN,,"Integration, Citysourced",02/25/2019 03:22,CLOSED,2506335.98700000,7113542.16800000,,,,,,,,
,420253,08/29/2018 10:59,Neighborhood Traffic Issue,Teel & High Shoals (student ped incident),,Staff,09/6/2018 07:08,CLOSED,2469005.21000000,7103018.64000000,,,,,,,,
,420254,08/29/2018 11:54,Neighborhood Traffic Issue,Frisco Street at All Stars AND at Eldorado (traffic complaints),,Staff,08/29/2018 11:58,CLOSED,2478380.16000000,7110404.01000000,,,,,,,,
,420255,08/30/2018 12:05,Neighborhood Traffic Issue,Teel & High Shoals (guard & signal request),,Staff,08/30/2018 12:10,CLOSED,2469006.41000000,7103010.78000000,,,,,,,,
,420256,08/30/2018 12:14,Neighborhood Traffic Issue,Teel & High Shoals (concern after ped incident),,Staff,08/30/2018 12:18,CLOSED,2469006.41000000,7103008.18000000,,,,,,,,
,420257,08/30/2018 12:21,Neighborhood Traffic Issue,Teel & High Shoals (crossing guard request),,Staff,09/6/2018 07:28,CLOSED,2469006.41000000,7103013.38000000,,,,,,,,
,420258,08/30/2018 12:29,Neighborhood Traffic Issue,Teel & High Shoals (concerns over ped incident),,Staff,08/30/2018 12:31,CLOSED,2469014.23000000,7103005.57000000,,,,,,,,
,420259,08/30/2018 12:33,Neighborhood Traffic Issue,Teel & High Shoals (concerned about crosswalk),,Staff,08/30/2018 12:38,CLOSED,2469014.23000000,7103013.38000000,,,,,,,,
,421027,08/31/2018 08:28,Neighborhood Traffic Issue,Eldorado & Tangerine (school crosswalk concern),,Staff,08/31/2018 08:38,CLOSED,2501270.83000000,7114620.20000000,,,,,,,,
,423370,09/12/2018 02:05,Neighborhood Traffic Issue,COBB HILL DR & BETHEL DR,75033,Staff,03/28/2019 02:00,CLOSED,2477848.75000000,7117200.63000000,,,,,,,,
,423800,09/14/2018 09:10,Neighborhood Traffic Issue,Rolater & Carlson (crossing guard request),,Staff,09/14/2018 09:16,CLOSED,2500572.92000000,7101289.47000000,,,,,,,,
,424646,09/18/2018 01:44,Neighborhood Traffic Issue,8500 ROBERTSON DR,,"Integration, Citysourced",04/9/2019 03:13,CLOSED,2467916.43800000,7104825.59000000,,,,,,,,
,424849,09/19/2018 10:23,Neighborhood Traffic Issue,Stonebrook & Frisco Lakes (u-turn complaint),,Staff,,IP,2459328.65000000,7103323.85000000,,,,,,,,
,424852,09/19/2018 10:29,Neighborhood Traffic Issue,Stonebrook & FM 423 (Chick-fil-a traffic complaints),,Staff,,IP,2459341.15000000,7103316.56000000,,,,,,,,
,425545,09/21/2018 03:36,Neighborhood Traffic Issue,6400 COBBIE CREEK DR,,"Integration, Citysourced",10/18/2018 04:09,CLOSED,2467621.84300000,7098462.59300000,,,,,,,,
,427534,10/2/2018 09:25,Neighborhood Traffic Issue,9400 WICHITA TRL,,"Integration, Citysourced",04/9/2019 03:36,CLOSED,2466791.28800000,7107662.45400000,,,,,,,,
,427777,10/2/2018 07:51,Neighborhood Traffic Issue,Cockett & The Trails (BFR request),,Staff,,OPEN,2465124.48000000,7109145.83000000,,,,,,,,
,428597,10/5/2018 04:47,Neighborhood Traffic Issue,12400 Hawk Creek (ADA ramp for home),,Staff,,IP,2463557.94000000,7116815.34000000,,,,,,,,
,429631,10/10/2018 07:21,Neighborhood Traffic Issue,8500 ROBERTSON DR,,"Integration, Citysourced",02/25/2019 03:05,CLOSED,2467916.43800000,7104825.59000000,,,,,,,,
,429884,10/11/2018 01:11,Neighborhood Traffic Issue,2000 MARBLE RDG,,"Integration, Citysourced",08/13/2019 03:15,CLOSED,2454958.07700000,7103207.57900000,DUPLICATE,,,10/11/2018 12:00:00 PM,10/18/2018 12:00:00 PM,,,8/13/2019 12:00:00 PM
,430637,10/16/2018 12:19,Neighborhood Traffic Issue,6000 ARBORETUM DR,,"Integration, Citysourced",02/25/2019 03:05,CLOSED,2483925.97300000,7098261.83500000,,,,,,,,
,430946,10/17/2018 01:57,Neighborhood Traffic Issue,Rolater & Lawler Park Dr (school zone request),,Staff,,IP,2502154.17000000,7101335.42000000,,,,,,,,
,431447,10/19/2018 02:04,Neighborhood Traffic Issue,Independence & Sutherland (guard request),,Staff,03/8/2019 02:15,CLOSED,2503803.94000000,7110568.41000000,,,,,,,,
,431551,10/20/2018 09:04,Neighborhood Traffic Issue,13000 VIOLA DR,,"Integration, Citysourced",10/23/2018 05:18,CLOSED,2461933.53100000,7118611.15600000,,,,,,,,
,432235,10/23/2018 03:29,Neighborhood Traffic Issue,2000 MARBLE RDG,,"Integration, Citysourced",08/13/2019 03:17,CLOSED,2454958.07700000,7103207.57900000,SIGN,,,10/23/2018 12:00:00 PM,10/23/2018 12:00:00 PM,,,8/13/2019 12:00:00 PM
,432789,10/25/2018 03:05,Neighborhood Traffic Issue,KINGFISHER LN,75033,Staff,,IP,2464355.64600000,7109365.92000000,,,,,,,,
,433020,10/26/2018 11:23,Neighborhood Traffic Issue,John Hickman & Parkwood (hard to see where to turn at night),,Staff,,IP,2484281.81000000,7092810.31000000,,,,,,,,
,433535,10/29/2018 01:36,Neighborhood Traffic Issue,Cotton Gin & Canal (one way issue/speeding/stop sign compliance),,Staff,03/8/2019 02:11,CLOSED,2472748.92000000,7103857.39000000,,,,,,,,
,438213,11/18/2018 01:06,Neighborhood Traffic Issue,3200 CLEARFORK TRL,,"Integration, Citysourced",02/25/2019 05:02,CLOSED,2470125.24400000,7099851.53200000,,,,,,,,
,439494,11/26/2018 10:25,Neighborhood Traffic Issue,CORONADO TRL & BUENA PARK DR,75033,Staff,01/9/2020 03:30,CLOSED,2466020.92000000,7114109.51000000,,,,,,,,
,439521,11/26/2018 10:38,Neighborhood Traffic Issue,PRESTON VINEYARD DR,75035,Staff,02/25/2019 03:07,CLOSED,2487549.29000000,7099611.39000000,,,,,,,,
,439710,11/26/2018 02:13,Neighborhood Traffic Issue,LEGACY DR & LONGVUE DR,75034,Staff,02/25/2019 03:36,CLOSED,2476854.58000000,7091619.07000000,,,,,,,,
,441036,11/29/2018 05:27,Neighborhood Traffic Issue,1900 BROOKDALE DR,,"Integration, Citysourced",04/9/2019 03:42,CLOSED,2455140.93200000,7102634.42400000,,,,,,,,
,441789,12/3/2018 01:48,Neighborhood Traffic Issue,MARBELLA DR & ATTLEBOROUGH DR,75035,Staff,06/4/2019 01:33,CLOSED,2491743.66000000,7119344.95000000,,,,,,,,
,444839,12/16/2018 02:38,Neighborhood Traffic Issue,3400 MAIN ST,,"Integration, Citysourced",01/16/2019 11:33,CLOSED,2470409.72800000,7106307.28800000,,,,,,,,
,445232,12/17/2018 01:40,Neighborhood Traffic Issue,4900 TOLEDO BEND DR,,"Integration, Citysourced",01/16/2019 11:26,CLOSED,2475196.52600000,7117513.76300000,,,,,,,,
,445233,12/17/2018 01:41,Neighborhood Traffic Issue,4900 TOLEDO BEND DR,,"Integration, Citysourced",01/16/2019 11:25,CLOSED,2475112.60700000,7117527.14300000,,,,,,,,
,445426,12/18/2018 10:47,Neighborhood Traffic Issue,Throne Hall & Legacy (crossing guard request),,Staff,12/18/2018 10:52,CLOSED,2473862.75000000,7108303.10000000,,,,,,,,
,445832,12/20/2018 09:30,Neighborhood Traffic Issue,8300 CHRISTIE DR,,"Integration, Citysourced",01/16/2019 11:23,CLOSED,2485232.96800000,7106295.95700000,,,,,,,,
,450821,01/14/2019 08:32,Neighborhood Traffic Issue,LYNDHURST DR & COIT RD,75035,Staff,06/4/2019 01:33,CLOSED,2498652.29000000,7105155.07000000,,,,,,,,
,450996,01/14/2019 11:05,Neighborhood Traffic Issue,4700 GLEN HEATHER DR,,"Integration, Citysourced",06/4/2019 01:36,CLOSED,2474881.61900000,7093724.02600000,,,,,,,,
,452266,01/18/2019 02:27,Neighborhood Traffic Issue,Lake Trail Drive (public/private road),,Staff,02/25/2019 03:45,CLOSED,2458691.15000000,7105000.93000000,,,,,,,,
,453634,01/24/2019 05:08,Neighborhood Traffic Issue,4700 TEEL PKWY 8,,"Integration, Citysourced",06/4/2019 01:36,CLOSED,2466504.09000000,7093306.67100000,,,,,,,,
,454762,01/29/2019 02:49,Neighborhood Traffic Issue,Texoma Drive at Legacy (crossing guard request),,Staff,02/1/2019 12:26,CLOSED,2474353.18000000,7118124.25000000,,,,,,,,
,455622,02/1/2019 08:32,Neighborhood Traffic Issue,5000 BUCHANAN AVE,,"Integration, Citysourced",02/22/2019 05:21,CLOSED,2475678.25900000,7118400.52800000,,,,,,,,
,457320,02/11/2019 10:54,Neighborhood Traffic Issue,6400 DALLAS PKWY,75034,"Integration, Citysourced",02/22/2019 05:13,CLOSED,2481460.77500000,7098569.56800000,,,,,,,,
,457878,02/13/2019 01:41,Neighborhood Traffic Issue,11100 MONARCH DR,,"Integration, Citysourced",02/22/2019 04:52,CLOSED,2464130.24000000,7109694.70000000,,,,,,,,
,458514,02/16/2019 01:50,Neighborhood Traffic Issue,6704 DALLAS PKWY,75034,"Integration, Citysourced",02/18/2019 08:10,CLOSED,2480947.47600000,7099317.08100000,,,,,,,,
,459147,02/20/2019 11:20,Neighborhood Traffic Issue,Rolater & Valley Brook (safety concern),,Staff,02/21/2019 09:27,CLOSED,2507239.58000000,7101362.85000000,,,,,,,,
,459414,02/21/2019 09:28,Neighborhood Traffic Issue,12200 ARK RD,,"Integration, Citysourced",02/22/2019 04:48,CLOSED,2497177.30800000,7104560.30900000,,,,,,,,
,459584,02/21/2019 05:14,Neighborhood Traffic Issue,Anthem & Marina Point (roundabout visibility),,Staff,02/25/2019 03:42,CLOSED,2455311.35000000,7104707.47000000,,,,,,,,
,459740,02/22/2019 01:14,Neighborhood Traffic Issue,2000 MARBLE RDG,,"Integration, Citysourced",08/13/2019 03:18,CLOSED,2454958.88200000,7103312.36600000,DUPLICATE,,,2/22/2019 12:00:00 PM,2/25/2019 12:00:00 PM,,,8/13/2019 12:00:00 PM
,460137,02/25/2019 02:27,Neighborhood Traffic Issue,9400 EDINBURGH LN,,"Integration, Citysourced",02/25/2019 02:56,CLOSED,2488769.60000000,7101688.48000000,,,,,,,,
,460348,02/26/2019 11:12,Neighborhood Traffic Issue,3400 LEBANON RD,,"Integration, Citysourced",02/26/2019 05:05,CLOSED,2470716.98400000,7092799.53100000,,,,,,,,
,460359,02/26/2019 11:30,Neighborhood Traffic Issue,Kentland south of Sechrist (water close to road),,Staff,02/26/2019 11:32,CLOSED,2472379.17000000,7105731.60000000,,,,,,,,
,461987,03/5/2019 01:29,Neighborhood Traffic Issue,Richwoods Neighborhood (request for 25mph speed limit),,Staff,,IP,2501301.65000000,7098801.84000000,,,,,,,,
,462349,03/6/2019 08:35,Neighborhood Traffic Issue,6100 ARBORETUM DR (Chapel Creek Pkwy speeding),,"Integration, Citysourced",,IP,2484030.22800000,7098442.02900000,,,,,,,,
,462354,03/7/2019 06:07,Neighborhood Traffic Issue,11100 NEWBERRY DR,,"Integration, Citysourced",03/15/2019 03:44,CLOSED,2494215.90100000,7100031.07300000,,,,,,,,
,462885,03/8/2019 03:46,Neighborhood Traffic Issue,Shaddock Creek Lane (speeding),,Staff,,IP,2471126.79000000,7111491.14000000,,,,,,,,
,463694,03/12/2019 03:42,Neighborhood Traffic Issue,4700 COLBY DR,,"Integration, Citysourced",03/18/2019 03:22,CLOSED,2489951.80100000,7093823.34800000,,,,,,,,
,464493,03/15/2019 01:58,Neighborhood Traffic Issue,4800 LEGACY DR D,,"Integration, Citysourced",03/15/2019 03:32,CLOSED,2476616.75300000,7093781.84200000,,,,,,,,
,464510,03/15/2019 02:30,Neighborhood Traffic Issue,4800 LEGACY DR D,,"Integration, Citysourced",03/15/2019 03:33,CLOSED,2476616.75300000,7093781.84200000,,,,,,,,
,464574,03/16/2019 09:56,Neighborhood Traffic Issue,1719 PEPPERVINE RD,,"Integration, Citysourced App",03/18/2019 03:27,CLOSED,2465556.76600000,7127400.55500000,,,,,,,,
,465602,03/20/2019 04:13,Neighborhood Traffic Issue,Kickapoo & Osage (No Parking request),,Staff,03/21/2019 09:13,CLOSED,2475406.81300000,7095825.54700000,,,,,,,,
,466169,03/22/2019 03:04,Neighborhood Traffic Issue,2000BROOKDALE DR,,"Integration, Citysourced App",08/16/2019 10:56,CLOSED,2454889.70800000,7103085.21800000,SIGN,,,3/22/2019 12:00:00 PM,,,,8/16/2019 12:00:00 PM
,466196,03/22/2019 03:54,Neighborhood Traffic Issue,5500 CHARLESTON DR,,"Integration, Citysourced App",,IP,2493523.86000000,7096176.52100000,,,,,,,,
,466222,03/22/2019 06:00,Neighborhood Traffic Issue,12200 CAJUN DR,,"Integration, Citysourced App",03/26/2019 12:48,CLOSED,2497340.79100000,7104916.32200000,,,,,,,,
,466740,03/25/2019 08:51,Neighborhood Traffic Issue,14000 UNION GROVE LN,,"Integration, Citysourced App",03/26/2019 09:31,CLOSED,2467538.43800000,7121488.75400000,,,,,,,,
,467149,03/27/2019 10:25,Neighborhood Traffic Issue,5600 PLANTATION LN,,"Integration, Citysourced App",,IP,2495795.50700000,7096588.22800000,,,,,,,,
,467286,03/27/2019 04:05,Neighborhood Traffic Issue,6800 DEACON DR,,"Integration, Citysourced App",08/16/2019 10:57,CLOSED,2453690.93700000,7099990.84300000,SIGN,NO - RESIDENT / OTHER,,3/27/2019 12:00:00 PM,3/28/2019 12:00:00 PM,,3/28/2019 12:00:00 PM,8/16/2019 12:00:00 PM
,467313,03/27/2019 08:32,Neighborhood Traffic Issue,4400 COTTON GIN RD,75034,"Integration, Citysourced App",06/4/2019 01:23,CLOSED,2473635.98600000,7103907.31100000,,,,,,,,
,467358,03/28/2019 07:58,Neighborhood Traffic Issue,5900 TALLOW LN,,"Integration, Citysourced App",,OPEN,2461081.90200000,7097447.49500000,,,,,,,,
,467361,03/28/2019 08:03,Neighborhood Traffic Issue,5900 TALLOW LN,,"Integration, Citysourced App",,OPEN,2461081.90200000,7097447.49500000,,,,,,,,
,467465,03/28/2019 10:11,Neighborhood Traffic Issue,12200 ALEXANDRIA DR,,"Integration, Citysourced App",06/4/2019 01:21,CLOSED,2497597.56600000,7097854.96700000,,,,,,,,
,467764,03/28/2019 04:58,Neighborhood Traffic Issue,Coronado Trail (speeding),,Staff,06/4/2019 01:24,CLOSED,2465923.48700000,7114244.31300000,,,,,,,,
,468156,03/29/2019 04:22,Neighborhood Traffic Issue,Teal Hollow Drive (speeding),,Staff,,IP,2492160.93800000,7096880.55600000,,,,,,,,
,468232,03/30/2019 06:12,Neighborhood Traffic Issue,14400 LEBANON RD,,"Integration, Citysourced App",06/4/2019 01:18,CLOSED,2503945.26500000,7095954.45300000,,,,,,,,
,468240,03/31/2019 02:20,Neighborhood Traffic Issue,14200 SORANO DR,,"Integration, Citysourced App",04/2/2019 01:34,CLOSED,2503260.03700000,7110235.61200000,,,,,,,,
,468868,04/2/2019 08:03,Neighborhood Traffic Issue,11500 AMBER VALLEY DR,,"Integration, Citysourced App",04/2/2019 01:28,CLOSED,2495237.82800000,7104929.09900000,,,,,,,,
,470352,04/8/2019 10:01,Neighborhood Traffic Issue,11100 ROGERS RD (speeding),75033,Staff,,OPEN,2485071.18300000,7113065.67500000,,,,,,,,
,470392,04/8/2019 10:32,Neighborhood Traffic Issue,Liscano Elementry School,,Staff,06/4/2019 01:18,CLOSED,2500544.70900000,7113210.64000000,,,,,,,,
,470564,04/8/2019 03:38,Neighborhood Traffic Issue,Warren Pkwy (Duck Crossing),,Staff,04/17/2019 09:52,CLOSED,2479432.29200000,7089672.74300000,,,,,,,,
,470808,04/9/2019 11:41,Neighborhood Traffic Issue,11300 CANOE RD,,"Integration, Citysourced App",,IP,2494639.31500000,7104017.35500000,,,,,,,,
,470818,04/9/2019 12:07,Neighborhood Traffic Issue,Old Newman Rd (Parking),,Staff,,IP,2461265.48200000,7104970.59100000,,,,,,,,
,471094,04/10/2019 11:59,Neighborhood Traffic Issue,12300 PRIVET LN,,"Integration, Citysourced App",06/4/2019 01:13,CLOSED,2497292.22900000,7106652.84200000,,,,,,,,
,471632,04/11/2019 02:48,Neighborhood Traffic Issue,12100 COIT RD,75035,Staff,06/25/2019 04:25,CLOSED,2498340.58200000,7115827.63700000,,,,,,,,
,471672,04/11/2019 04:36,Neighborhood Traffic Issue,Ohio Drive (crosswalk request),,Staff,05/23/2019 12:51,CLOSED,2489183.50600000,7088614.86000000,,,,,,,,
,471682,04/11/2019 04:58,Neighborhood Traffic Issue,Preston & Corinth (No U-Turn Request),,Staff,11/20/2019 11:35,CLOSED,2487616.14600000,7122534.20100000,,,,,,,,
,471789,04/12/2019 10:22,Neighborhood Traffic Issue,Frisco Square (speed limit signs),,Staff,05/10/2019 10:20,CLOSED,2478500.52100000,7105077.95100000,,,,,,,,
,471797,04/12/2019 10:43,Neighborhood Traffic Issue,Plantation Resort (speeding),,Staff,,IP,2495684.03600000,7095762.13000000,,,,,,,,
,471825,04/12/2019 11:56,Neighborhood Traffic Issue,Rogers Road (wrong way drivers),,Staff,05/23/2019 02:16,CLOSED,2485044.79200000,7112229.68200000,,,,,,,,
,473239,04/18/2019 03:13,Neighborhood Traffic Issue,11600 CREEK POINT DR,,"Integration, Citysourced App",06/25/2019 04:33,CLOSED,2495867.68500000,7094511.45600000,,,,,,,,
,474375,04/23/2019 03:20,Neighborhood Traffic Issue,West Stonebrook (u-turn complaints),,Staff,,OPEN,2459315.62500000,7103315.45100000,,,,,,,,
,475932,04/29/2019 08:42,Neighborhood Traffic Issue,Texas Ford Aquatics (private property traffic calming),,Staff,05/10/2019 10:22,CLOSED,2473799.47900000,7104378.47200000,,,,,,,,
,477017,05/1/2019 11:25,Neighborhood Traffic Issue,8400 EDGE WATER DR,,"Integration, Citysourced App",06/4/2019 01:11,CLOSED,2485600.10300000,7103604.97500000,,,,,,,,
,478342,05/7/2019 06:30,Neighborhood Traffic Issue,6549 BOLLIGER CT,,"Integration, Citysourced App",05/7/2019 11:22,CLOSED,2494063.97500000,7099281.58100000,,,,,,,,
,478921,05/8/2019 02:59,Neighborhood Traffic Issue,CHRISTOPHER LN & COVEY POINT (School Parking),,"Integration, Citysourced App",,IP,2506958.62700000,7113366.49500000,,,,,,,,
,478941,05/8/2019 03:34,Neighborhood Traffic Issue,Queens Gate neighborhood (No Parking request),,Staff,,OPEN,2488489.58300000,7102831.59700000,,,,,,,,
,481417,05/17/2019 11:20,Neighborhood Traffic Issue,12700 POSSUM KINGDOM DR,,"Integration, Citysourced App",05/20/2019 01:59,CLOSED,2475784.83800000,7117594.04300000,,,,,,,,
,481591,05/19/2019 11:52,Neighborhood Traffic Issue,13000 AMBROSE DR,,"Integration, Citysourced App",05/20/2019 10:55,CLOSED,2492793.67300000,7118627.32300000,,,,,,,,
,482285,05/21/2019 10:18,Neighborhood Traffic Issue,Custer & Eldorado - Andy’s Custard,,Staff,,OPEN,2508565.62500000,7114530.03500000,,,,,,,,
,483454,05/25/2019 07:42,Neighborhood Traffic Issue,9000 PRESTON VINEYARD DR,,"Integration, Citysourced App",06/25/2019 04:33,CLOSED,2487549.28900000,7099611.38600000,,,,,,,,
,483990,05/28/2019 03:24,Neighborhood Traffic Issue,Ohio & Warren Roundabout concerns,,Staff,,OPEN,2488629.68800000,7090626.38900000,,,,,,,,
,485376,06/1/2019 07:46,Neighborhood Traffic Issue,1700 WILDFIRE LN,,"Integration, Citysourced App",06/4/2019 01:09,CLOSED,2465510.80800000,7108702.95300000,,NO - RESIDENT / OTHER,,6/1/2019 12:00:00 PM,6/3/2019 12:00:00 PM,,,6/4/2019 12:00:00 PM
,487069,06/6/2019 08:37,Neighborhood Traffic Issue,Town & Country and Leadership Dr (parking issues),,Staff,,OPEN,2478249.47900000,7083548.74200000,,,,,,,,
,489775,06/14/2019 11:40,Neighborhood Traffic Issue,9600 CROSSVINE LN,,"Integration, Citysourced App",01/9/2020 03:39,CLOSED,2489585.51700000,7092880.57400000,,,,,,,,
,491686,06/20/2019 02:05,Neighborhood Traffic Issue,Roundabout at Warren and Ohio ,,Staff,,OPEN,2488626.56200000,7090621.13700000,,,,,,,,
,491714,06/20/2019 02:48,Neighborhood Traffic Issue,The Trails Pkwy & Crockett (BFR request),,Staff,08/27/2019 03:29,CLOSED,2465125.09900000,7109143.80700000,CROSSWALK,,,6/17/2019 12:00:00 PM,6/18/2019 12:00:00 PM,,,8/27/2019 12:00:00 PM
,492397,06/24/2019 01:53,Neighborhood Traffic Issue,6600 FAIRLAWN DR,,"Integration, Citysourced App",06/25/2019 04:32,CLOSED,2493976.54600000,7099663.02300000,FRISCO PD,NO - RESIDENT / OTHER,,6/24/2019 12:00:00 PM,,,,6/25/2019 12:00:00 PM
,492958,06/25/2019 05:44,Neighborhood Traffic Issue,4800 LINDA LN,,"Integration, Citysourced App",06/26/2019 04:06,CLOSED,2474571.18500000,7116428.80700000,FRISCO PD,NO - RESIDENT / OTHER,,6/25/2019 12:00:00 PM,,,,6/26/2019 12:00:00 PM
,494016,06/28/2019 01:35,Neighborhood Traffic Issue,2100 BROOKDALE DR,,"Integration, Citysourced App",07/26/2019 11:30,CLOSED,2454784.63800000,7103118.38200000,FRISCO PD,NO - RESIDENT / OTHER,,6/28/2019 12:00:00 PM,7/26/2019 12:00:00 PM,,,7/26/2019 12:00:00 PM
,494655,07/1/2019 02:33,Neighborhood Traffic Issue,Stonebriar Drive and Warren Parkway (No U-turn),,Staff,11/20/2019 11:35,CLOSED,2478867.70800000,7089645.61700000,,,,,,,,
,498510,07/15/2019 11:23,Neighborhood Traffic Issue,7400 YELLOWSTONE DR,,"Integration, Citysourced App",01/23/2020 02:09,CLOSED,2482457.95800000,7112174.70700000,,,,,,,,
,498941,07/16/2019 12:20,Neighborhood Traffic Issue,8400 ARCADIA DR,,"Integration, Citysourced App",,IP,2496822.12500000,7104985.53000000,,,,,,,,
,499217,07/17/2019 09:47,Neighborhood Traffic Issue,6500 LEBANON RD 2,,"Integration, Citysourced App",02/12/2020 11:21,CLOSED,2480387.57800000,7094151.84700000,,,,,,,,
,501566,07/24/2019 10:58,Neighborhood Traffic Issue,,,"Integration, Citysourced App",01/22/2020 02:41,CLOSED,2472773.88300000,7103253.74100000,,,,,,,,
,501568,07/24/2019 11:01,Neighborhood Traffic Issue,,,"Integration, Citysourced App",07/26/2019 11:56,CLOSED,2472773.88300000,7103253.74100000,DUPLICATE,,,,,,,
,501570,07/24/2019 11:04,Neighborhood Traffic Issue,,,"Integration, Citysourced App",07/26/2019 11:56,CLOSED,2472773.88300000,7103253.74100000,DUPLICATE,,,,,,,
,502952,07/29/2019 03:11,Neighborhood Traffic Issue,Fossil Ridge Drive (speeding & cut-through traffic),,Staff,08/30/2019 04:33,CLOSED,2482998.95800000,7102684.20100000,SPEEDING,NO - RESIDENT / OTHER,,7/29/2019 12:00:00 PM,7/29/2019 12:00:00 PM,,7/29/2019 12:00:00 PM,8/30/2019 12:00:00 PM
,505397,08/6/2019 01:37,Neighborhood Traffic Issue,3100 OVERHILL DR,75033,Staff,01/9/2020 03:54,CLOSED,2469311.35100000,7113307.93000000,CROSSING GUARD,,,8/6/2019 12:00:00 PM,8/6/2019 12:00:00 PM,,,
,505398,08/6/2019 01:38,Neighborhood Traffic Issue,3100 OVERHILL DR,75033,Staff,08/6/2019 01:46,CLOSED,2469311.35100000,7113307.93000000,DUPLICATE,,,,,,,
,505399,08/6/2019 01:39,Neighborhood Traffic Issue,3100 OVERHILL DR,75033,Staff,08/6/2019 01:46,CLOSED,2469311.35100000,7113307.93000000,DUPLICATE,,,,,,,
,505400,08/6/2019 01:39,Neighborhood Traffic Issue,3100 OVERHILL DR,75033,Staff,08/6/2019 01:46,CLOSED,2469311.35100000,7113307.93000000,DUPLICATE,,,,,,,
,505699,08/7/2019 02:08,Neighborhood Traffic Issue,8600 BROOKHOLLOW BLVD 8,,"Integration, Citysourced App",08/9/2019 10:32,CLOSED,2486275.65900000,7099637.45000000,FRISCO PD,NO - RESIDENT / OTHER,,8/7/2019 12:00:00 PM,8/9/2019 12:00:00 PM,,,8/9/2019 12:00:00 PM
,506213,08/8/2019 07:53,Neighborhood Traffic Issue,7900 HICKORY ST,,"Integration, Citysourced App",01/9/2020 03:55,CLOSED,2484128.02900000,7103817.90900000,FRISCO PD,NO - RESIDENT / OTHER,,8/8/2019 12:00:00 PM,8/9/2019 12:00:00 PM,,,
,506218,08/8/2019 11:35,Neighborhood Traffic Issue,15500 WRANGLER DR,,"Integration, Citysourced App",08/9/2019 10:24,CLOSED,2507140.62700000,7116931.29400000,FRISCO PD,NO - RESIDENT / OTHER,,8/8/2019 12:00:00 PM,,,,8/9/2019 12:00:00 PM
,506272,08/9/2019 09:10,Neighborhood Traffic Issue,8000 CHRISTIE DR,,"Integration, Citysourced App",,IP,2484330.39300000,7106378.50500000,SIGN,NO - RESIDENT / OTHER,,8/9/2019 12:00:00 PM,8/9/2019 12:00:00 PM,,,
,506280,08/9/2019 09:22,Neighborhood Traffic Issue,15500 WRANGLER DR,,"Integration, Citysourced App",08/9/2019 10:26,CLOSED,2507140.62700000,7116931.29400000,FRISCO PD,NO - RESIDENT / OTHER,,8/9/2019 12:00:00 PM,,,,8/9/2019 12:00:00 PM
,506341,08/9/2019 11:05,Neighborhood Traffic Issue,8600 BROOKHOLLOW BLVD 12,,"Integration, Citysourced App",09/24/2019 12:21,CLOSED,2486639.25400000,7098818.96400000,FRISCO PD,NO - RESIDENT / OTHER,,8/9/2019 12:00:00 PM,8/9/2019 12:00:00 PM,,,8/9/2019 12:00:00 PM
,507317,08/13/2019 08:21,Neighborhood Traffic Issue,6700 CANTERBURY DR,,"Integration, Citysourced App",08/13/2019 04:22,CLOSED,2493337.93500000,7099881.39000000,FRISCO PD,,,8/13/2019 12:00:00 PM,8/13/2019 12:00:00 PM,,,8/13/2019 12:00:00 PM
,508560,08/16/2019 02:15,Neighborhood Traffic Issue,2500 SAGE RIDGE DR,,"Integration, Citysourced App",09/24/2019 12:24,CLOSED,2467736.51500000,7099349.36200000,PARKING,NO - RESIDENT / OTHER,,8/16/2019 12:00:00 PM,8/21/2019 12:00:00 PM,,,8/21/2019 12:00:00 PM
,508628,08/16/2019 06:36,Neighborhood Traffic Issue,14200 RISING STAR BLVD,,"Integration, Citysourced App",09/24/2019 12:23,CLOSED,2466057.63000000,7121962.74600000,SCHOOL CIRCULATION,NO - RESIDENT / OTHER,,8/16/2019 12:00:00 PM,8/21/2019 12:00:00 PM,,,8/28/2019 12:00:00 PM
,508700,08/18/2019 07:41,Neighborhood Traffic Issue,10200 PLAINSMAN LN,,"Integration, Citysourced App",09/24/2019 12:20,CLOSED,2491376.92000000,7116597.70200000,FRISCO PD,NO - RESIDENT / OTHER,,8/18/2019 12:00:00 PM,8/21/2019 12:00:00 PM,,,8/21/2019 12:00:00 PM
,509457,08/20/2019 02:12,Neighborhood Traffic Issue,800 BONNEVILLE RD,75036,Staff,09/24/2019 11:56,CLOSED,2463025.44900000,7103473.33200000,SIGN,NO - RESIDENT / OTHER,,9/20/2019 12:00:00 PM,,,,
,509473,08/20/2019 02:56,Neighborhood Traffic Issue,Fighting Eagles Lane (No Parking Signs),,Staff,08/30/2019 10:00,CLOSED,2475783.85400000,7098786.24200000,SIGN,NO - RESIDENT / OTHER,,8/16/2019 12:00:00 PM,8/16/2019 12:00:00 PM,,8/27/2019 12:00:00 PM,8/30/2019 12:00:00 PM
,510385,08/22/2019 02:34,Neighborhood Traffic Issue,14000 FALL HARVEST DR,,"Integration, Citysourced App",09/24/2019 12:22,CLOSED,2465653.72000000,7121551.41100000,SCHOOL CIRCULATION,NO - RESIDENT / OTHER,,8/22/2019 12:00:00 PM,8/23/2019 12:00:00 PM,,8/22/2019 12:00:00 PM,8/23/2019 12:00:00 PM
,510394,08/22/2019 02:54,Neighborhood Traffic Issue,11100 OUTPOST TRL,,"Integration, Citysourced App",08/23/2019 04:34,CLOSED,2464307.68300000,7109696.93000000,FRISCO PD,NO - RESIDENT / OTHER,,8/22/2019 12:00:00 PM,8/23/2019 12:00:00 PM,,,8/23/2019 12:00:00 PM
,512316,08/27/2019 10:20,Neighborhood Traffic Issue,1300 DEER LAKE DR,,"Integration, Citysourced App",,IP,2464587.40800000,7095192.34300000,PARKING,,,8/27/2019 12:00:00 PM,,,,
,513262,08/30/2019 10:26,Neighborhood Traffic Issue,6900 Main Street (Caution Sign or Stop Sign requested for alley) ,,Staff,08/30/2019 04:56,CLOSED,2481265.44800000,7105436.65100000,SIGN,NO - RESIDENT / OTHER,,8/26/2019 12:00:00 PM,8/26/2019 12:00:00 PM,,,8/29/2019 12:00:00 PM
,513521,09/2/2019 09:06,Neighborhood Traffic Issue,10500 MILLIE LN,,"Integration, Citysourced App",09/24/2019 12:20,CLOSED,2505430.58500000,7111100.50800000,FRISCO PD,,,9/2/2019 12:00:00 PM,9/24/2019 12:17:06 PM,,9/24/2019 12:17:20 PM,9/24/2019 12:17:25 PM
,513971,09/3/2019 03:52,Neighborhood Traffic Issue,ALEXANDRIA DR & WILMINGTON DR,75035,Staff,,IP,2496739.24200000,7097796.13100000,,,,,,,,
,515489,09/9/2019 08:47,Neighborhood Traffic Issue,2900 BAINBRIDGE LN,,"Integration, Citysourced App",09/24/2019 09:10,CLOSED,2469401.75100000,7099274.92900000,FRISCO PD,,,9/9/2019 12:00:00 PM,9/13/2019 12:00:00 PM,,,9/13/2019 12:00:00 PM
,516890,09/12/2019 06:23,Neighborhood Traffic Issue,1900 GRANITE RAPIDS DR,,"Integration, Citysourced App",09/24/2019 09:10,CLOSED,2465983.13000000,7103537.72300000,FRISCO PD,,,,9/16/2019 12:00:00 PM,,,9/16/2019 12:00:00 PM
,517156,09/14/2019 11:12,Neighborhood Traffic Issue,11400 BLACKHAWK DR,,"Integration, Citysourced App",09/24/2019 09:09,CLOSED,2469251.94100000,7113269.81600000,FRISCO PD,,,9/14/2019 12:00:00 PM,9/16/2019 12:00:00 PM,,,9/16/2019 12:00:00 PM
,518113,09/17/2019 09:48,Neighborhood Traffic Issue,13800 MILLTOWN DR,75033,Staff,,IP,2467071.17400000,7121156.10100000,,,,,,,,
,518670,09/18/2019 10:48,Neighborhood Traffic Issue,2400 FALCON POINT DR,,"Integration, Citysourced App",09/24/2019 09:09,CLOSED,2467475.99700000,7112735.58600000,FRISCO PD,,,9/18/2019 12:00:00 PM,9/24/2019 9:09:02 AM,,9/24/2019 9:09:06 AM,9/24/2019 9:09:10 AM
,518776,09/18/2019 03:10,Neighborhood Traffic Issue,East side of John W Elliott Dr. (Parking),,Staff,10/10/2019 11:46,CLOSED,2479716.66700000,7111500.56500000,SIGN,NO - RESIDENT / OTHER,,6/28/2019 3:03:00 PM,,,,
,518784,09/18/2019 03:21,Neighborhood Traffic Issue,2100 CROWBRIDGE DR,,"Integration, Citysourced App",09/24/2019 09:05,CLOSED,2466650.50200000,7109694.18100000,FRISCO PD,,,9/18/2019 12:00:00 PM,9/24/2019 12:00:00 PM,,9/24/2019 12:00:00 PM,9/24/2019 12:00:00 PM
,519309,09/19/2019 02:58,Neighborhood Traffic Issue,8100 TOWER RD,,"Integration, Citysourced App",09/24/2019 09:02,CLOSED,2491950.84400000,7104282.04600000,FRISCO PD,,,9/19/2019 12:00:00 PM,9/24/2019 12:00:00 PM,,9/24/2019 12:00:00 PM,9/24/2019 12:00:00 PM
,519835,09/22/2019 11:16,Neighborhood Traffic Issue,8000 BOBWHITE DR,,"Integration, Citysourced App",10/21/2019 04:13,CLOSED,2484348.70500000,7105368.86900000,STREET LIGHTING,NO - RESIDENT / OTHER,,9/22/2019 12:00:00 PM,10/8/2019 12:00:00 PM,,9/25/2019 12:00:00 PM,10/8/2019 12:00:00 PM
,520640,09/24/2019 02:49,Neighborhood Traffic Issue,CASSION DR,75034,Staff,02/12/2020 11:22,CLOSED,2472355.20700000,7102168.46800000,SIGN,NO - RESIDENT / OTHER,,9/19/2019 12:00:00 PM,9/20/2019 12:00:00 PM,,9/20/2019 12:00:00 PM,2/12/2020 11:21:55 AM
,521590,09/27/2019 12:10,Neighborhood Traffic Issue,7500 WILLIAMS AVE,,"Integration, Citysourced App",01/9/2020 04:03,CLOSED,2482429.51600000,7106200.64800000,VISIBILITY RESTRICTIONS,NO - RESIDENT / OTHER,,9/27/2019 12:00:00 PM,10/8/2019 12:00:00 PM,,10/8/2019 12:00:00 PM,
,521706,09/27/2019 07:50,Neighborhood Traffic Issue,5500 FM 423 Lebanon&Dustwhirl,,"Integration, Citysourced App",01/22/2020 02:44,CLOSED,2461975.27500000,7096611.74300000,SIGN,NO - RESIDENT / OTHER,,9/27/2019 12:00:00 PM,10/8/2019 12:00:00 PM,,10/8/2019 12:00:00 PM,1/22/2020 2:43:50 PM
,522058,09/30/2019 02:38,Neighborhood Traffic Issue,Red Cedar and Hillcrest (School issue),,Staff,,OPEN,2493765.62500000,7105684.63600000,SCHOOL CIRCULATION,,,9/18/2019 11:29:00 AM,,,,
,522083,09/30/2019 03:30,Neighborhood Traffic Issue,Fisher Dr and Rogers Rd (school circulation),,Staff,,OPEN,2485046.87500000,7111603.95000000,SCHOOL CIRCULATION,,,9/18/2019 4:41:00 PM,,,,
,522088,09/30/2019 03:46,Neighborhood Traffic Issue,12200 KENNEDALE DR,,Staff,,OPEN,2478601.82300000,7116399.26200000,MISCELLANEOUS,,,9/19/2019 8:58:00 AM,,,,
,522183,10/1/2019 09:19,Neighborhood Traffic Issue,Ohio and Stone Crest (No Parking Signs),,Staff,,IP,2489000.00000000,7088127.38700000,SIGN,,,9/20/2019 1:51:00 PM,,,,
,522258,10/1/2019 11:40,Neighborhood Traffic Issue,Kara Creek Rd & Bannock Rd (Stop Sign),,Staff,,OPEN,2462154.16700000,7104765.40800000,SIGN,,,9/28/2019 12:37:00 PM,,,,
,522269,10/1/2019 12:00,Neighborhood Traffic Issue,7800 TWIN FALLS DR,75036,Staff,10/21/2019 04:13,CLOSED,2464684.27500000,7102800.38900000,SIGN,,,9/3/2019 12:00:00 PM,9/3/2019 12:00:00 PM,,9/3/2019 12:00:00 PM,9/4/2019 12:00:00 PM
,522421,10/1/2019 07:29,Neighborhood Traffic Issue,11700 CORSICANA DR,,"Integration, Citysourced App",,IP,2495900.72800000,7114902.93600000,SPEEDING,NO - RESIDENT / OTHER,,10/1/2019 12:00:00 PM,10/8/2019 12:00:00 PM,,10/8/2019 12:00:00 PM,
,522424,10/1/2019 08:49,Neighborhood Traffic Issue,9200 IVY BRIDGE LN,,"Integration, Citysourced App",10/21/2019 04:11,CLOSED,2502793.05900000,7106449.07800000,FRISCO PD,NO - RESIDENT / OTHER,,10/1/2019 12:00:00 PM,10/8/2019 12:00:00 PM,,10/8/2019 12:00:00 PM,10/8/2019 12:00:00 PM
,522510,10/2/2019 09:20,Neighborhood Traffic Issue,3600 RUSTIC RIDGE RD,,"Integration, Citysourced App",10/25/2019 04:45,CLOSED,2492636.11900000,7090664.78900000,MISCELLANEOUS,,,10/2/2019 12:00:00 PM,10/8/2019 12:00:00 PM,10/8/2019 12:00:00 PM,10/8/2019 12:00:00 PM,10/25/2019 4:44:59 PM
,522694,10/2/2019 02:47,Neighborhood Traffic Issue,1100 RANCH GATE LN,,"Integration, Citysourced App",01/28/2020 11:34,CLOSED,2463790.45200000,7094306.89900000,SCHOOL CIRCULATION,NO - RESIDENT / OTHER,,10/2/2019 12:00:00 PM,10/21/2019 12:00:00 PM,,10/21/2019 12:00:00 PM,1/28/2020 11:34:42 AM
,522708,10/2/2019 03:29,Neighborhood Traffic Issue,10300 TORINO DR,75035,Staff,,IP,2501375.10300000,7110311.85800000,SIGN,NO - RESIDENT / OTHER,,9/10/2019 12:00:00 PM,9/10/2019 12:00:00 PM,9/12/2019 12:00:00 PM,9/12/2019 12:00:00 PM,
,522798,10/2/2019 04:58,Neighborhood Traffic Issue,1600 HIGH SHOALS DR,75036,Staff,01/27/2020 10:24,CLOSED,2465234.83000000,7102769.55400000,CROSSING GUARD,NO - RESIDENT / OTHER,,9/19/2019 12:00:00 PM,9/20/2019 12:00:00 PM,,,
,523516,10/7/2019 08:39,Neighborhood Traffic Issue,VM Heartwood Ln (Stop sign request),,Staff,01/9/2020 05:02,CLOSED,2477218.75000000,7118170.13900000,SIGN,,,10/7/2019 6:45:49 AM,,,,
,524056,10/8/2019 02:48,Neighborhood Traffic Issue,2500 ELDORADO PKWY,,"Integration, Citysourced App",10/21/2019 04:12,CLOSED,2467986.98300000,7115453.55900000,SCHOOL ZONE,NO - RESIDENT / OTHER,,10/8/2019 12:00:00 PM,10/14/2019 11:52:56 AM,,10/14/2019 11:52:47 AM,10/14/2019 11:52:50 AM
,524111,10/8/2019 04:39,Neighborhood Traffic Issue,900 HIGHLAND HILLS DR,,"Integration, Citysourced App",10/25/2019 04:36,CLOSED,2458967.28000000,7094986.61300000,FRISCO PD,NO - RESIDENT / OTHER,,10/8/2019 12:00:00 PM,10/14/2019 12:01:43 PM,10/14/2019 12:01:57 PM,10/14/2019 12:02:00 PM,10/25/2019 12:00:00 PM
,524220,10/9/2019 11:40,Neighborhood Traffic Issue,4300 LEGACY DR,,"Integration, Citysourced App",10/21/2019 04:12,CLOSED,2476911.09400000,7092799.36300000,FRISCO PD,NO - RESIDENT / OTHER,,10/9/2019 12:00:00 PM,10/14/2019 12:00:00 PM,,10/14/2019 12:00:00 PM,10/14/2019 12:00:00 PM
,524529,10/10/2019 11:14,Neighborhood Traffic Issue,11700 Meridian (speeding in alley),,Staff,,OPEN,2496081.25000000,7097347.65700000,SPEEDING,,,10/1/2019 3:06:00 PM,,,,
,525318,10/15/2019 09:56,Neighborhood Traffic Issue,10700 NASHVILLE DR,,"Integration, Citysourced App",10/16/2019 04:36,CLOSED,2493128.02600000,7093462.09800000,,,,,,,,
,525319,10/15/2019 09:57,Neighborhood Traffic Issue,10600 NASHVILLE DR,,"Integration, Citysourced App",10/21/2019 03:46,CLOSED,2492962.23700000,7093476.96800000,FRISCO PD,NO - RESIDENT / OTHER,,10/15/2019 12:00:00 PM,,,,10/21/2019 3:46:04 PM
,525330,10/15/2019 10:24,Neighborhood Traffic Issue,7800 ASHCROFT LN,,"Integration, Citysourced App",,IP,2471319.00700000,7102807.04500000,CROSSWALK,,,10/15/2019 12:00:00 PM,10/21/2019 12:00:00 PM,,10/21/2019 3:51:36 PM,
,526002,10/17/2019 01:58,Neighborhood Traffic Issue,VM - Blue Moon Dr & Silverado Trail (Crossing Guard),,Staff,10/21/2019 03:57,CLOSED,2516322.91700000,7109398.76300000,CROSSING GUARD,,,10/17/2019 8:18:00 AM,10/21/2019 12:00:00 PM,,10/21/2019 12:00:00 PM,10/21/2019 12:00:00 PM
,526022,10/17/2019 02:45,Neighborhood Traffic Issue,VM - Independence & Kelmscot (cones blocking road),,Staff,,OPEN,2503856.77100000,7098640.40800000,,,,,,,,
,526257,10/19/2019 01:01,Neighborhood Traffic Issue,6000 PRESTON RD,,"Integration, Citysourced App",10/30/2019 01:51,CLOSED,2487399.20200000,7097621.76700000,ROAD WIDENING,NO - RESIDENT / OTHER,,10/19/2019 12:00:00 PM,10/21/2019 12:00:00 PM,,10/21/2019 4:11:21 PM,10/21/2019 12:00:00 PM
,526816,10/22/2019 02:56,Neighborhood Traffic Issue,VM - Marina Point Ct & Anthem Drive (Painted Curbs),,Staff,01/9/2020 05:09,CLOSED,2455318.75000000,7104716.45000000,SIGN,,,10/22/2019 2:37:00 PM,10/22/2019 4:45:29 PM,,10/22/2019 4:45:32 PM,
,526818,10/22/2019 02:59,Neighborhood Traffic Issue,VM - Marina Point Ct & Anthem Drive (Painted Curbs),,Staff,10/22/2019 03:07,CLOSED,2455318.75000000,7104716.45000000,,,,,,,,
,527086,10/23/2019 05:04,Neighborhood Traffic Issue,VM - Autumnwood Dr Alley (speeding),,Staff,,IP,2489989.58300000,7098645.61700000,SPEEDING,NO - RESIDENT / OTHER,,10/23/2019 5:06:20 PM,10/24/2019 1:51:03 PM,,10/24/2019 1:51:09 PM,
,527903,10/28/2019 02:28,Neighborhood Traffic Issue,10800 Cooperwood (speeding in alley),,Staff,,OPEN,2493285.10400000,7106338.18200000,SPEEDING,,10/27/2019 1:16:00 PM,10/28/2019 2:35:54 PM,,,,
,527939,10/28/2019 02:47,Neighborhood Traffic Issue,VM - 4000 Veneto (re-routed traffic),,Staff,11/7/2019 03:49,CLOSED,2472003.12500000,7113855.89000000,MISCELLANEOUS,,10/28/2019 12:55:00 PM,10/28/2019 2:53:53 PM,10/28/2019 4:31:21 PM,,10/28/2019 4:31:25 PM,10/28/2019 4:31:30 PM
,528021,10/28/2019 04:28,Neighborhood Traffic Issue,4400 VENETO DR (Speed),75033,Staff,,IP,2473187.16300000,7113951.11500000,SPEEDING,NO - RESIDENT / OTHER,10/28/2019 12:00:00 PM,10/28/2019 12:00:00 PM,10/28/2019 12:00:00 PM,,10/28/2019 12:00:00 PM,
,528255,10/29/2019 01:30,Neighborhood Traffic Issue,8400 PRESCOTT CIR,,"Integration, Citysourced App",11/4/2019 04:47,CLOSED,2485904.71800000,7111342.81200000,FRISCO PD,NO - RESIDENT / OTHER,10/29/2019 12:00:00 PM,,11/4/2019 12:00:00 PM,,11/4/2019 4:47:25 PM,11/4/2019 4:47:27 PM
,529407,11/1/2019 11:43,Neighborhood Traffic Issue,VM - Shaddock Creek (Crossing Guard),,Staff,02/12/2020 11:23,CLOSED,2471591.23700000,7112457.58100000,CROSSING GUARD,NO - RESIDENT / OTHER,11/1/2019 8:14:36 AM,11/1/2019 11:45:23 AM,11/4/2019 4:41:20 PM,11/4/2019 4:41:39 PM,11/4/2019 4:41:28 PM,2/12/2020 11:22:51 AM
,529892,11/4/2019 12:06,Neighborhood Traffic Issue,VM - Passionflower Rd & Hollyhock Rd (crosswalk),,Staff,02/10/2020 02:58,CLOSED,2466450.52100000,7127933.24500000,CROSSWALK,NO - RESIDENT / OTHER,11/4/2019 9:06:49 AM,11/4/2019 12:08:56 PM,11/4/2019 4:36:09 PM,,11/4/2019 4:36:13 PM,2/6/2020 12:00:00 PM
,531523,11/7/2019 07:13,Neighborhood Traffic Issue,6500 LEGACY DR,,"Integration, Citysourced App",02/12/2020 11:24,CLOSED,2473787.82400000,7099060.55400000,MISCELLANEOUS,NO - RESIDENT / OTHER,,,11/11/2019 5:05:52 PM,,11/11/2019 5:05:57 PM,2/12/2020 11:24:09 AM
,532013,11/11/2019 10:01,Neighborhood Traffic Issue,VM - Little River Dr & Teel Pkwy (crossing guard),,Staff,,IP,2467446.81300000,7122448.31100000,CROSSING GUARD,NO - RESIDENT / OTHER,11/9/2019 7:34:00 PM,11/11/2019 10:03:54 AM,,,,
,532034,11/11/2019 10:18,Neighborhood Traffic Issue,VM - Little River Dr (crosswalk & crossing guard),,Staff,,IP,2466679.68800000,7122363.18200000,CROSSING GUARD,NO - RESIDENT / OTHER,11/9/2019 6:48:00 PM,11/11/2019 10:20:24 AM,,,,
,532842,11/13/2019 09:12,Neighborhood Traffic Issue,VM - Parkwood & Chapel Creek Pkwy (School Zone Sign),,Staff,11/15/2019 03:44,CLOSED,2482740.10400000,7097951.72300000,SCHOOL ZONE,NO - RESIDENT / OTHER,11/12/2019 2:10:00 PM,11/13/2019 9:13:54 AM,11/14/2019 4:27:15 PM,,11/14/2019 4:27:19 PM,11/15/2019 10:00:00 AM
,533891,11/15/2019 03:40,Neighborhood Traffic Issue,5500 NORFOLK LN,75035,"Integration, Citysourced App",11/15/2019 04:10,CLOSED,2497704.98500000,7096023.06100000,CROSSING GUARD,NO - RESIDENT / OTHER,11/15/2019 3:40:25 PM,11/15/2019 3:40:00 PM,11/15/2019 4:05:39 PM,,11/15/2019 4:05:00 PM,11/15/2019 4:07:26 PM
,533893,11/15/2019 03:42,Neighborhood Traffic Issue,5100 PLANTATION LN,75035,"Integration, Citysourced App",11/19/2019 03:00,CLOSED,2495424.78100000,7095072.36500000,FRISCO PD,NO - RESIDENT / OTHER,11/15/2019 12:00:00 PM,,11/19/2019 2:59:48 PM,,11/19/2019 2:59:54 PM,11/19/2019 2:59:56 PM
,533922,11/16/2019 11:16,Neighborhood Traffic Issue,4500 CONNEMARA DR,75034,"Integration, Citysourced App",11/19/2019 03:03,CLOSED,2473766.11300000,7093078.52500000,FRISCO PD,NO - RESIDENT / OTHER,11/16/2019 12:00:00 PM,,11/19/2019 3:02:54 PM,,11/19/2019 3:02:57 PM,11/19/2019 3:02:59 PM
,533924,11/16/2019 05:55,Neighborhood Traffic Issue,1400 GLENEAGLE LN,75036,"Integration, Citysourced App",11/19/2019 03:05,CLOSED,2464513.78000000,7104979.45400000,FRISCO PD,NO - RESIDENT / OTHER,11/16/2019 12:00:00 PM,,11/19/2019 3:05:12 PM,,11/19/2019 3:05:15 PM,11/19/2019 3:05:17 PM
,535605,11/22/2019 08:55,Neighborhood Traffic Issue,VM - Clark Dr & Stonebrook (School Traffic),,Staff,,IP,2468250.00000000,7098939.49500000,SCHOOL CIRCULATION,NO - RESIDENT / OTHER,11/21/2019 3:24:00 PM,11/22/2019 8:58:27 AM,11/22/2019 3:55:25 PM,,11/22/2019 3:55:28 PM,
,536070,11/25/2019 01:11,Neighborhood Traffic Issue,100 MILL POND DR,75034,"Integration, Citysourced App",,IP,2485967.49900000,7092136.14400000,SIGN,,11/25/2019 12:00:00 PM,,12/13/2019 10:03:09 AM,,12/13/2019 10:03:11 AM,
,536101,11/25/2019 02:08,Neighborhood Traffic Issue,9800 NORTH COUNTY RD,75033,"Integration, Citysourced App",12/6/2019 04:05,CLOSED,2482399.03200000,7108107.47900000,FRISCO PD,,11/25/2019 12:00:00 PM,,12/6/2019 4:05:07 PM,,,12/6/2019 4:05:13 PM
,536653,11/29/2019 09:44,Neighborhood Traffic Issue,1900 DEXTER LN,75036,"Integration, Citysourced App",12/6/2019 04:08,CLOSED,2455328.66200000,7099825.24500000,FRISCO PD,,11/29/2019 12:00:00 PM,,12/6/2019 4:08:10 PM,,,12/6/2019 4:08:15 PM
,537586,12/4/2019 02:33,Neighborhood Traffic Issue,Independence & Sheffield,75035,"Integration, Citysourced App",,OPEN,2503820.46200000,7111543.20200000,,,,,,,,
,538080,12/4/2019 08:35,Neighborhood Traffic Issue,1500 IDLEWILD DR,75036,"Integration, Citysourced App",12/6/2019 04:12,CLOSED,2464744.96700000,7104380.33200000,FRISCO PD,,12/4/2019 12:00:00 PM,,12/6/2019 4:11:51 PM,,,12/6/2019 4:11:54 PM
,538193,12/5/2019 09:17,Neighborhood Traffic Issue,VM - Independence High School (auto/pedestrian incidents),,Staff,12/5/2019 03:45,CLOSED,2503225.00000000,7110953.55700000,CROSSWALK,NO - RESIDENT / OTHER,12/4/2019 10:54:00 PM,12/4/2019 3:03:00 PM,12/4/2019 4:00:00 PM,,12/4/2019 4:00:00 PM,12/4/2019 4:10:00 PM
,538201,12/5/2019 09:28,Neighborhood Traffic Issue,VM - Independence High School (auto/pedestrian incidents) ,,Staff,12/5/2019 03:48,CLOSED,2503225.00000000,7110953.55700000,CROSSWALK,NO - RESIDENT / OTHER,12/4/2019 1:16:00 PM,12/4/2019 3:05:00 PM,12/4/2019 4:00:00 PM,,12/4/2019 4:00:00 PM,12/4/2019 4:05:00 PM
,539200,12/9/2019 10:52,Neighborhood Traffic Issue,VM - Torino Dr along Yucca Ridge Park (Speeding),,Staff,,IP,2501352.08300000,7110739.49500000,SPEEDING,NO - RESIDENT / OTHER,12/6/2019 6:02:00 PM,12/9/2019 10:54:08 AM,12/11/2019 12:00:00 PM,,12/11/2019 12:00:00 PM,
,539749,12/10/2019 03:24,Neighborhood Traffic Issue,1600 DOUBLE FALLS DR,75036,"Integration, Citysourced App",12/18/2019 05:11,CLOSED,2465190.87200000,7102798.32100000,FRISCO PD,,12/10/2019 12:00:00 PM,,12/18/2019 5:10:58 PM,,12/18/2019 5:11:01 PM,12/18/2019 5:11:03 PM
,539900,12/11/2019 06:09,Neighborhood Traffic Issue,100 MILL POND DR,75034,"Integration, Citysourced App",02/24/2020 03:50,CLOSED,2485236.52600000,7092288.17300000,ROAD WIDENING,,12/11/2019 12:00:00 PM,,12/13/2019 9:58:44 AM,,12/13/2019 9:58:47 AM,12/13/2019 9:58:50 AM
,540779,12/12/2019 04:16,Neighborhood Traffic Issue,12500 DALLAS PKWY,75033,"Integration, Citysourced App",01/9/2020 05:00,CLOSED,2476850.23900000,7117304.02600000,PARKING,,12/12/2019 12:00:00 PM,,12/18/2019 5:19:17 PM,,12/16/2019 12:00:00 PM,12/18/2019 5:19:25 PM
,541203,12/13/2019 04:17,Neighborhood Traffic Issue,VM - Timber Ridge Dr & Trailside Dr (4-way stop sign),,Staff,,IP,2469040.28500000,7097715.49400000,SIGN,NO - RESIDENT / OTHER,12/13/2019 2:44:00 PM,12/13/2019 4:19:55 PM,12/18/2019 5:26:01 PM,,12/18/2019 5:26:05 PM,
,541214,12/13/2019 04:49,Neighborhood Traffic Issue,Oak and N. County (speeding),,Staff,,OPEN,2482421.35400000,7105751.51100000,,,,,,,,
,541345,12/16/2019 09:03,Neighborhood Traffic Issue,VM - Hunters Parkway (Traffic Study),,Staff,,OPEN,2505598.43800000,7099702.49400000,SPEEDING,NO - RESIDENT / OTHER,12/15/2019 10:15:00 AM,12/16/2019 9:08:49 AM,,,,
,541654,12/16/2019 03:38,Neighborhood Traffic Issue,VM - Bendbrook Dr & Hunters Pkwy (stop sign),,Staff,,OPEN,2505683.33300000,7099841.57800000,SIGN,NO - RESIDENT / OTHER,12/16/2019 2:27:31 PM,12/16/2019 3:40:59 PM,,,,
,544100,12/30/2019 11:42,Neighborhood Traffic Issue,Independence High School (Crosswalks),,Staff,,OPEN,2503856.77100000,7111079.07800000,,,,,,,,
,544112,12/30/2019 12:06,Neighborhood Traffic Issue,Christopher & Covey Point (all way stop),,Staff,,OPEN,2506955.72900000,7113354.57700000,SIGN,NO - RESIDENT / OTHER,12/20/2019 1:29:00 PM,12/20/2019 1:29:00 PM,1/8/2020 12:00:00 PM,1/9/2020 12:00:00 PM,1/8/2020 12:00:00 PM,
,544121,12/30/2019 12:18,Neighborhood Traffic Issue,Shepton Lane & Crystal Beach Lane (all way stop),,Staff,,OPEN,2505680.20800000,7110173.84800000,SIGN,NO - RESIDENT / OTHER,12/20/2019 1:29:00 PM,12/20/2019 1:29:00 PM,1/8/2020 12:00:00 PM,1/9/2020 12:00:00 PM,1/8/2020 12:00:00 PM,
,544410,12/31/2019 08:31,Neighborhood Traffic Issue,7500 PARKBROOK DR,75034,"Integration, Citysourced App",01/9/2020 04:28,CLOSED,2483906.12600000,7102302.54600000,FRISCO PD,,12/31/2019 12:00:00 PM,,1/6/2020 9:42:00 AM,,1/6/2020 9:42:03 AM,1/6/2020 9:42:04 AM
,544465,12/31/2019 09:09,Neighborhood Traffic Issue,1400 FOREST OAKS CT,75036,"Integration, Citysourced App",01/22/2020 12:42,CLOSED,2464630.14800000,7106309.28200000,VISIBILITY RESTRICTIONS,,12/31/2019 12:00:00 PM,,1/6/2020 9:48:12 AM,,1/6/2020 9:48:21 AM,
,544659,01/1/2020 03:15,Neighborhood Traffic Issue,5400 PLANTATION LN,75035,"Integration, Citysourced App",02/12/2020 11:43,CLOSED,2495674.05600000,7095775.12400000,SPEEDING,,1/1/2020 12:00:00 PM,,1/6/2020 11:18:06 AM,,1/6/2020 11:18:16 AM,2/12/2020 11:43:18 AM
,545188,01/3/2020 09:24,Neighborhood Traffic Issue,5600 PLANTATION LN,75035,"Integration, Citysourced App",01/9/2020 04:27,CLOSED,2495697.28100000,7096334.71900000,FRISCO PD,,1/3/2020 12:00:00 PM,,1/6/2020 9:18:37 AM,,1/6/2020 9:18:41 AM,1/6/2020 9:18:42 AM
,545451,01/4/2020 12:32,Neighborhood Traffic Issue,5800 MAIN ST,75034,"Integration, Citysourced App",01/22/2020 12:42,CLOSED,2477845.67000000,7106060.30700000,FRISCO PD,,1/4/2020 12:00:00 PM,,1/6/2020 9:13:52 AM,,1/6/2020 9:13:58 AM,1/6/2020 9:14:00 AM
,546812,01/9/2020 02:08,Neighborhood Traffic Issue,VM - Citywide (HOA signs),,Staff,01/9/2020 04:26,CLOSED,2478218.75000000,7105187.91000000,SIGN,NO - RESIDENT / OTHER,1/6/2020 9:46:00 PM,1/6/2020 2:23:00 PM,1/6/2020 12:00:00 PM,,1/6/2020 12:00:00 PM,1/6/2020 12:00:00 PM
,546842,01/9/2020 02:25,Neighborhood Traffic Issue,VM - 8500 Moraine Drive (Accident),75034,Staff,02/7/2020 03:58,CLOSED,2486045.31200000,7101498.58800000,MISCELLANEOUS,NO - RESIDENT / OTHER,1/8/2020 3:10:00 PM,1/9/2020 2:28:12 PM,1/16/2020 12:00:00 PM,,1/17/2020 12:00:00 PM,2/6/2020 12:00:00 PM
,547349,01/13/2020 08:42,Neighborhood Traffic Issue,VM - Nichols Elementary (Crossing Guard),,Staff,01/22/2020 12:41,CLOSED,2466179.68800000,7101737.93200000,CROSSING GUARD,NO - RESIDENT / OTHER,1/13/2020 7:41:00 PM,1/13/2020 8:46:01 AM,1/13/2020 4:53:52 PM,,1/13/2020 4:53:56 PM,1/13/2020 4:53:59 PM
,550393,01/23/2020 02:31,Neighborhood Traffic Issue,VM - Bright Elementary School (Crossing Guard),,Staff,01/23/2020 02:44,CLOSED,2485117.18800000,7101836.89000000,CROSSING GUARD,NO - RESIDENT / OTHER,1/23/2020 7:39:04 AM,1/23/2020 2:34:45 PM,1/23/2020 2:44:26 PM,,1/23/2020 2:44:29 PM,1/23/2020 2:44:31 PM
,550396,01/23/2020 02:43,Neighborhood Traffic Issue,9900 STANCIL LN,75035,"Integration, Citysourced App",01/24/2020 04:44,CLOSED,2489975.75200000,7116504.39200000,FRISCO PD,,1/23/2020 12:00:00 PM,,1/24/2020 12:00:00 PM,,1/24/2020 12:00:00 PM,1/24/2020 12:00:00 PM
,550629,01/24/2020 09:47,Neighborhood Traffic Issue,6300 HUNTERS PKWY,75035,"Integration, Citysourced App",01/24/2020 04:44,CLOSED,2505417.01000000,7098659.54000000,FRISCO PD,,1/24/2020 12:00:00 PM,,1/24/2020 12:00:00 PM,,1/24/2020 12:00:00 PM,1/24/2020 12:00:00 PM
,550807,01/25/2020 09:37,Neighborhood Traffic Issue,8600 NICHOLSON DR,75036,"Integration, Citysourced App",01/27/2020 03:36,CLOSED,2468758.25400000,7105326.63600000,FRISCO PD,,1/25/2020 12:00:00 PM,,1/27/2020 3:35:55 PM,,1/27/2020 3:35:58 PM,1/27/2020 3:36:00 PM
,551261,01/27/2020 11:32,Neighborhood Traffic Issue,Ruth Borchardt (west side parking),,Staff,02/10/2020 03:00,CLOSED,2490877.60400000,7093101.97300000,PARKING,,1/27/2020 12:00:00 PM,,1/27/2020 4:12:29 PM,,1/27/2020 4:12:32 PM,2/5/2020 12:00:00 PM
,551623,01/28/2020 08:54,Neighborhood Traffic Issue,600 ROCKLEDGE CT,75036,"Integration, Citysourced App",,OPEN,2459329.46600000,7103259.44800000,,,,,,,,
,552441,01/30/2020 03:40,Neighborhood Traffic Issue,Turnbridge Manor Subdivision (speed limit signs),,Staff,,OPEN,2504244.79200000,7097703.53500000,,,,,,,,
,552532,01/31/2020 09:30,Neighborhood Traffic Issue,VM - Heather Ridge Estates (signs),,Staff,02/5/2020 02:54,CLOSED,2469197.91700000,7108437.91000000,SIGN,NO - RESIDENT / OTHER,1/30/2020 3:19:00 PM,1/30/2020 4:56:00 PM,1/30/2020 12:00:00 PM,,1/30/2020 12:00:00 PM,1/30/2020 12:00:00 PM
,553772,02/5/2020 04:01,Neighborhood Traffic Issue,12400 ORCHID DR,75035,"Integration, Citysourced App",02/6/2020 03:21,CLOSED,2504016.90800000,7117010.13700000,FRISCO PD,,2/5/2020 12:00:00 PM,,2/6/2020 12:00:00 PM,,2/6/2020 12:00:00 PM,2/6/2020 12:00:00 PM
,553781,02/5/2020 07:09,Neighborhood Traffic Issue,6300 HUNTERS PKWY,75035,"Integration, Citysourced App",02/20/2020 03:23,CLOSED,2505416.12900000,7098705.34800000,PARKING,,2/5/2020 12:00:00 PM,,2/6/2020 12:00:00 PM,,2/6/2020 12:00:00 PM,2/12/2020 11:33:16 AM
,554395,02/10/2020 01:03,Neighborhood Traffic Issue,3200 CEDAR CREEK TRL,75034,"Integration, Citysourced App",02/12/2020 11:41,CLOSED,2469804.19800000,7101897.03000000,FRISCO PD,,2/10/2020 12:00:00 PM,,2/12/2020 11:41:38 AM,,2/12/2020 11:41:41 AM,2/12/2020 11:41:44 AM
,554956,02/11/2020 12:46,Neighborhood Traffic Issue,6300 FM 423,75036,"Integration, Citysourced App",02/12/2020 11:38,CLOSED,2462235.30400000,7098285.07800000,FRISCO PD,,2/11/2020 12:00:00 PM,,2/12/2020 11:37:43 AM,,2/12/2020 11:37:47 AM,2/12/2020 11:37:50 AM
,555100,02/12/2020 10:30,Neighborhood Traffic Issue,test ignore,,Staff,,OPEN,,,,,,,,,,
,555771,02/14/2020 03:45,Neighborhood Traffic Issue,VM - Fairwater Subdivision (Gate Public Sidewalk),,Staff,,IP,2469048.05500000,7090044.03900000,MISCELLANEOUS,NO - RESIDENT / OTHER,2/12/2020 4:05:00 PM,2/14/2020 3:48:42 PM,2/14/2020 12:00:00 PM,,2/14/2020 12:00:00 PM,
,556520,02/19/2020 09:23,Neighborhood Traffic Issue,1400 COLDSTONE DR,75034,"Integration, Citysourced App",02/20/2020 03:23,CLOSED,2464789.94800000,7093251.28700000,FRISCO PD,,2/19/2020 12:00:00 PM,,2/20/2020 12:00:00 PM,,2/20/2020 12:00:00 PM,2/20/2020 12:00:00 PM
,556698,02/19/2020 05:41,Neighborhood Traffic Issue, SOUTHERN HILLS CT,75034,"Integration, Citysourced App",,COMPLETE,2476245.03000000,7086400.84300000,MISCELLANEOUS,,2/20/2020 12:00:00 PM,,2/20/2020 12:00:00 PM,,2/20/2020 3:33:10 PM,2/20/2020 3:33:12 PM
,557990,02/25/2020 06:47,Neighborhood Traffic Issue,300 MAIN ST,75036,"Integration, Citysourced App",02/28/2020 11:25,CLOSED,2461531.87900000,7106076.64500000,PARKING,,2/25/2020 12:00:00 PM,,2/28/2020 11:26:18 AM,,2/28/2020 11:26:21 AM,2/28/2020 11:26:25 AM
,558012,02/26/2020 07:43,Neighborhood Traffic Issue,6600 GARRETT RIVER RD,75036,"Integration, Citysourced App",,OPEN,2466635.31496814,7098971.12818712,,,,,,,,
,558101,02/26/2020 10:45,Neighborhood Traffic Issue,VM - Hosp Elementary School (student drop off),,Staff,,IP,2463741.30700000,7094205.96700000,SCHOOL CIRCULATION,NO - RESIDENT / OTHER,2/26/2020 8:30:00 AM,2/26/2020 10:47:25 AM,2/26/2020 4:38:42 PM,,2/26/2020 4:38:45 PM,
,558200,02/26/2020 02:21,Neighborhood Traffic Issue,12100 GRAYHAWK BLVD,75033,"Integration, Citysourced App",,OPEN,2464869.25344880,7115536.32699881,,,,,,,,
,558391,02/27/2020 08:49,Neighborhood Traffic Issue,5400 BROOKHILL LN,75034,"Integration, Citysourced App",,OPEN,2468195.12122552,7095638.38896766,,,,,,,,
,558691,02/28/2020 06:01,Neighborhood Traffic Issue,4600 VENETO DR,75033,"Integration, Citysourced App",,OPEN,2474285.95300000,7113783.63200000,,,,,,,,
,558761,02/28/2020 09:06,Neighborhood Traffic Issue,600 ROCKLEDGE CT,75036,"Integration, Citysourced App",,OPEN,2459382.51518367,7103290.98923748,,,,,,,,